계약종별 전력사용량 월별( 20220803 현재 ),,,,,,,
"시도 : 서울특별시, 시군구 : 전체(시 / 군 / 구)",,,,,,,
기간 : 2022년 01 월 ~ 2022년 05월,,,,,,,
년월,시구,시군구,계약구분,고객호수(호),사용량(kWh),전기요금(원),평균판매단가(원/kWh)
202201,서울특별시,전체(시 / 군 / 구),주택용,"2,884,708 ","1,303,987,955 ","156,687,439,742 ",120.2 
202201,서울특별시,전체(시 / 군 / 구),일반용,"553,491 ","2,500,834,252 ","328,390,432,066 ",131.3 
202201,서울특별시,전체(시 / 군 / 구),교육용,"2,602 ","206,767,204 ","19,441,307,587 ",94.0 
202201,서울특별시,전체(시 / 군 / 구),산업용,"43,065 ","454,360,497 ","55,040,047,084 ",121.1 
202201,서울특별시,전체(시 / 군 / 구),농사용,"1,952 ","2,385,867 ","114,458,313 ",48.0 
202201,서울특별시,전체(시 / 군 / 구),가로등,"218,527 ","26,845,408 ","2,850,643,445 ",106.2 
202201,서울특별시,전체(시 / 군 / 구),심 야,"12,260 ","22,836,284 ","1,929,658,531 ",84.5 
202202,서울특별시,전체(시 / 군 / 구),주택용,"2,885,321 ","1,283,978,502 ","152,901,568,429 ",119.1 
202202,서울특별시,전체(시 / 군 / 구),일반용,"554,337 ","2,370,563,890 ","315,006,986,596 ",132.9 
202202,서울특별시,전체(시 / 군 / 구),교육용,"2,605 ","188,852,554 ","18,078,680,076 ",95.7 
202202,서울특별시,전체(시 / 군 / 구),산업용,"43,053 ","433,826,306 ","52,880,282,748 ",121.9 
202202,서울특별시,전체(시 / 군 / 구),농사용,"1,957 ","2,409,922 ","116,162,144 ",48.2 
202202,서울특별시,전체(시 / 군 / 구),가로등,"218,819 ","25,056,386 ","2,802,923,695 ",111.9 
202202,서울특별시,전체(시 / 군 / 구),심 야,"12,190 ","22,686,443 ","1,906,992,977 ",84.1 
202203,서울특별시,전체(시 / 군 / 구),주택용,"2,886,065 ","1,137,991,446 ","124,597,697,564 ",109.5 
202203,서울특별시,전체(시 / 군 / 구),일반용,"554,860 ","2,069,189,330 ","252,192,329,174 ",121.9 
202203,서울특별시,전체(시 / 군 / 구),교육용,"2,608 ","163,317,699 ","15,571,253,204 ",95.3 
202203,서울특별시,전체(시 / 군 / 구),산업용,"43,046 ","398,998,807 ","43,576,929,120 ",109.2 
202203,서울특별시,전체(시 / 군 / 구),농사용,"2,216 ","2,099,533 ","100,920,248 ",48.1 
202203,서울특별시,전체(시 / 군 / 구),가로등,"219,686 ","22,723,826 ","2,571,518,616 ",113.2 
202203,서울특별시,전체(시 / 군 / 구),심 야,"12,145 ","18,682,210 ","1,442,981,286 ",77.2 
202204,서울특별시,전체(시 / 군 / 구),주택용,"2,888,402 ","1,123,194,089 ","125,479,633,075 ",111.7 
202204,서울특별시,전체(시 / 군 / 구),일반용,"555,604 ","1,891,608,151 ","228,460,496,816 ",120.8 
202204,서울특별시,전체(시 / 군 / 구),교육용,"2,608 ","138,000,290 ","12,782,772,555 ",92.6 
202204,서울특별시,전체(시 / 군 / 구),산업용,"43,015 ","388,596,924 ","42,102,222,270 ",108.3 
202204,서울특별시,전체(시 / 군 / 구),농사용,"1,979 ","1,738,529 ","92,605,768 ",53.3 
202204,서울특별시,전체(시 / 군 / 구),가로등,"229,771 ","21,850,148 ","2,636,516,403 ",120.7 
202204,서울특별시,전체(시 / 군 / 구),심 야,"12,096 ","21,990,405 ","1,815,477,443 ",82.6 
202205,서울특별시,전체(시 / 군 / 구),주택용,"2,887,111 ","1,065,676,206 ","118,093,542,108 ",110.8 
202205,서울특별시,전체(시 / 군 / 구),일반용,"556,334 ","1,876,932,783 ","232,332,481,177 ",123.8 
202205,서울특별시,전체(시 / 군 / 구),교육용,"2,606 ","111,789,293 ","10,647,402,222 ",95.2 
202205,서울특별시,전체(시 / 군 / 구),산업용,"42,986 ","376,121,654 ","42,459,508,403 ",112.9 
202205,서울특별시,전체(시 / 군 / 구),농사용,"1,989 ","1,597,310 ","91,348,383 ",57.2 
202205,서울특별시,전체(시 / 군 / 구),가로등,"230,186 ","20,084,619 ","2,595,196,277 ",129.2 
202205,서울특별시,전체(시 / 군 / 구),심 야,"12,036 ","32,081,288 ","2,641,785,318 ",82.3 
합계,합계,합계,합계,"18,622,236","19,729,656,010","2,370,432,200,863",120.1
,,,,,,,
년월,시구,시군구,계약구분,고객호수(호),사용량(kWh),전기요금(원),평균판매단가(원/kWh)
202201,서울특별시,강남구,가로등,"12,755 ","1,915,432 ","205,950,348 ",107.5 
202201,서울특별시,강남구,교육용,124 ,"6,189,717 ","596,553,794 ",96.4 
202201,서울특별시,강남구,농사용,179 ,"186,106 ","8,871,920 ",47.7 
202201,서울특별시,강남구,산업용,"1,048 ","31,394,053 ","3,669,618,901 ",116.9 
202201,서울특별시,강남구,심 야,624 ,"1,551,562 ","139,845,829 ",90.1 
202201,서울특별시,강남구,일반용,"52,045 ","339,015,601 ","44,800,662,834 ",132.1 
202201,서울특별시,강남구,주택용,"128,178 ","84,134,037 ","10,965,215,245 ",130.3 
202201,서울특별시,강남구,합계,"194,953 ","464,386,508 ","60,386,718,871 ",130 
202201,서울특별시,강동구,가로등,"6,288 ","941,538 ","99,576,815 ",105.8 
202201,서울특별시,강동구,교육용,109 ,"4,653,635 ","444,831,850 ",95.6 
202201,서울특별시,강동구,농사용,277 ,"234,715 ","11,781,289 ",50.2 
202201,서울특별시,강동구,산업용,"1,067 ","13,943,786 ","1,605,393,887 ",115.1 
202201,서울특별시,강동구,심 야,286 ,"390,814 ","32,594,373 ",83.4 
202201,서울특별시,강동구,일반용,"20,509 ","74,957,337 ","9,833,017,533 ",131.2 
202201,서울특별시,강동구,주택용,"114,156 ","59,329,159 ","7,151,183,512 ",120.5 
202201,서울특별시,강동구,합계,"142,692 ","154,450,984 ","19,178,379,259 ",124.2 
202201,서울특별시,강북구,가로등,"10,392 ","552,518 ","54,427,207 ",98.5 
202201,서울특별시,강북구,교육용,69 ,"3,294,283 ","304,303,733 ",92.4 
202201,서울특별시,강북구,농사용,11 ,"10,735 ","498,934 ",46.5 
202201,서울특별시,강북구,산업용,"1,480 ","4,920,978 ","582,378,940 ",118.3 
202201,서울특별시,강북구,심 야,526 ,"791,601 ","61,446,739 ",77.6 
202201,서울특별시,강북구,일반용,"16,467 ","41,200,356 ","5,416,480,171 ",131.5 
202201,서울특별시,강북구,주택용,"120,910 ","37,677,921 ","4,346,605,358 ",115.4 
202201,서울특별시,강북구,합계,"149,855 ","88,448,392 ","10,766,141,082 ",121.7 
202201,서울특별시,강서구,가로등,"10,364 ","1,345,688 ","145,980,543 ",108.5 
202201,서울특별시,강서구,교육용,155 ,"6,832,343 ","635,092,710 ",93 
202201,서울특별시,강서구,농사용,301 ,"374,499 ","18,486,640 ",49.4 
202201,서울특별시,강서구,산업용,960 ,"29,790,995 ","3,357,795,607 ",112.7 
202201,서울특별시,강서구,심 야,502 ,"1,074,866 ","85,601,104 ",79.6 
202201,서울특별시,강서구,일반용,"24,060 ","134,532,532 ","17,680,804,603 ",131.4 
202201,서울특별시,강서구,주택용,"175,998 ","74,358,729 ","8,590,105,612 ",115.5 
202201,서울특별시,강서구,합계,"212,340 ","248,309,652 ","30,513,866,819 ",122.9 
202201,서울특별시,관악구,가로등,"13,038 ","985,398 ","96,627,352 ",98.1 
202201,서울특별시,관악구,교육용,100 ,"23,758,322 ","2,034,938,732 ",85.7 
202201,서울특별시,관악구,농사용,8 ,"14,281 ","667,891 ",46.8 
202201,서울특별시,관악구,산업용,976 ,"3,490,035 ","433,991,495 ",124.4 
202201,서울특별시,관악구,심 야,913 ,"790,680 ","61,655,091 ",78 
202201,서울특별시,관악구,일반용,"25,270 ","71,189,701 ","9,280,462,352 ",130.4 
202201,서울특별시,관악구,주택용,"239,220 ","60,639,803 ","6,813,481,856 ",112.4 
202201,서울특별시,관악구,합계,"279,525 ","160,868,220 ","18,721,824,769 ",116.4 
202201,서울특별시,광진구,가로등,"9,902 ","835,957 ","89,695,871 ",107.3 
202201,서울특별시,광진구,교육용,96 ,"9,156,011 ","841,750,394 ",91.9 
202201,서울특별시,광진구,농사용,13 ,"33,800 ","1,489,259 ",44.1 
202201,서울특별시,광진구,산업용,"1,391 ","32,436,651 ","3,944,467,454 ",121.6 
202201,서울특별시,광진구,심 야,872 ,"786,926 ","64,857,754 ",82.4 
202201,서울특별시,광진구,일반용,"21,348 ","60,752,189 ","8,018,933,187 ",132 
202201,서울특별시,광진구,주택용,"148,170 ","44,225,700 ","5,322,152,826 ",120.3 
202201,서울특별시,광진구,합계,"181,792 ","148,227,234 ","18,283,346,745 ",123.3 
202201,서울특별시,구로구,가로등,"10,308 ","996,782 ","107,327,451 ",107.7 
202201,서울특별시,구로구,교육용,97 ,"4,840,537 ","460,817,173 ",95.2 
202201,서울특별시,구로구,농사용,67 ,"70,849 ","3,307,805 ",46.7 
202201,서울특별시,구로구,산업용,"1,692 ","35,172,889 ","4,135,327,787 ",117.6 
202201,서울특별시,구로구,심 야,303 ,"570,167 ","47,257,470 ",82.9 
202201,서울특별시,구로구,일반용,"18,652 ","87,163,055 ","11,592,892,799 ",133 
202201,서울특별시,구로구,주택용,"109,309 ","55,649,156 ","6,369,812,824 ",114.5 
202201,서울특별시,구로구,합계,"140,428 ","184,463,435 ","22,716,743,309 ",123.2 
202201,서울특별시,금천구,가로등,"7,089 ","690,960 ","79,149,212 ",114.5 
202201,서울특별시,금천구,교육용,56 ,"2,447,154 ","221,772,415 ",90.6 
202201,서울특별시,금천구,농사용,4 ,"18,935 ","867,187 ",45.8 
202201,서울특별시,금천구,산업용,"2,165 ","22,392,978 ","2,880,281,821 ",128.6 
202201,서울특별시,금천구,심 야,200 ,"271,687 ","25,279,401 ",93 
202201,서울특별시,금천구,일반용,"13,730 ","103,073,049 ","13,690,604,176 ",132.8 
202201,서울특별시,금천구,주택용,"87,254 ","31,386,334 ","3,555,957,729 ",113.3 
202201,서울특별시,금천구,합계,"110,498 ","160,281,097 ","20,453,911,941 ",127.6 
202201,서울특별시,노원구,가로등,"7,678 ","1,151,578 ","125,413,517 ",108.9 
202201,서울특별시,노원구,교육용,172 ,"14,589,049 ","1,405,148,150 ",96.3 
202201,서울특별시,노원구,농사용,31 ,"37,764 ","1,907,721 ",50.5 
202201,서울특별시,노원구,산업용,884 ,"6,271,019 ","784,496,897 ",125.1 
202201,서울특별시,노원구,심 야,251 ,"889,144 ","69,463,599 ",78.1 
202201,서울특별시,노원구,일반용,"15,291 ","60,241,664 ","7,832,211,535 ",130 
202201,서울특별시,노원구,주택용,"87,031 ","62,674,820 ","6,720,261,135 ",107.2 
202201,서울특별시,노원구,합계,"111,338 ","145,855,038 ","16,938,902,554 ",116.1 
202201,서울특별시,도봉구,가로등,"7,382 ","611,721 ","64,669,356 ",105.7 
202201,서울특별시,도봉구,교육용,81 ,"4,169,044 ","407,587,805 ",97.8 
202201,서울특별시,도봉구,농사용,55 ,"27,280 ","1,357,609 ",49.8 
202201,서울특별시,도봉구,산업용,"1,014 ","5,050,173 ","580,980,563 ",115 
202201,서울특별시,도봉구,심 야,271 ,"453,460 ","35,668,195 ",78.7 
202201,서울특별시,도봉구,일반용,"12,640 ","34,419,700 ","4,575,560,206 ",132.9 
202201,서울특별시,도봉구,주택용,"82,343 ","39,864,622 ","4,489,200,228 ",112.6 
202201,서울특별시,도봉구,합계,"103,786 ","84,596,000 ","10,155,023,962 ",120 
202201,서울특별시,동대문구,가로등,"10,771 ","907,952 ","92,628,473 ",102 
202201,서울특별시,동대문구,교육용,95 ,"10,186,200 ","954,289,584 ",93.7 
202201,서울특별시,동대문구,농사용,6 ,"16,841 ","742,698 ",44.1 
202201,서울특별시,동대문구,산업용,"2,834 ","16,272,057 ","1,982,227,230 ",121.8 
202201,서울특별시,동대문구,심 야,400 ,"662,514 ","51,644,282 ",78 
202201,서울특별시,동대문구,일반용,"23,594 ","61,759,917 ","8,251,877,215 ",133.6 
202201,서울특별시,동대문구,주택용,"111,986 ","47,887,294 ","5,546,953,854 ",115.8 
202201,서울특별시,동대문구,합계,"149,686 ","137,692,775 ","16,880,363,336 ",122.6 
202201,서울특별시,동작구,가로등,"10,170 ","757,169 ","77,564,702 ",102.4 
202201,서울특별시,동작구,교육용,82 ,"9,554,403 ","893,817,955 ",93.6 
202201,서울특별시,동작구,농사용,5 ,"27,479 ","1,309,670 ",47.7 
202201,서울특별시,동작구,산업용,516 ,"4,640,714 ","587,864,531 ",126.7 
202201,서울특별시,동작구,심 야,437 ,"725,561 ","59,743,818 ",82.3 
202201,서울특별시,동작구,일반용,"16,769 ","54,794,108 ","7,100,702,447 ",129.6 
202201,서울특별시,동작구,주택용,"136,023 ","49,222,951 ","5,843,538,122 ",118.7 
202201,서울특별시,동작구,합계,"164,002 ","119,722,385 ","14,564,541,245 ",121.7 
202201,서울특별시,마포구,가로등,"10,545 ","1,254,210 ","134,784,658 ",107.5 
202201,서울특별시,마포구,교육용,90 ,"6,738,228 ","645,984,026 ",95.9 
202201,서울특별시,마포구,농사용,4 ,"5,664 ","255,044 ",45 
202201,서울특별시,마포구,산업용,"1,073 ","12,599,525 ","1,671,633,165 ",132.7 
202201,서울특별시,마포구,심 야,348 ,"1,350,402 ","103,609,590 ",76.7 
202201,서울특별시,마포구,일반용,"30,829 ","129,714,582 ","16,709,693,118 ",128.8 
202201,서울특별시,마포구,주택용,"110,217 ","55,498,358 ","6,740,492,260 ",121.5 
202201,서울특별시,마포구,합계,"153,106 ","207,160,969 ","26,006,451,861 ",125.5 
202201,서울특별시,서대문구,가로등,"1,152 ","742,622 ","78,616,819 ",105.9 
202201,서울특별시,서대문구,교육용,95 ,"18,538,105 ","1,788,356,107 ",96.5 
202201,서울특별시,서대문구,농사용,4 ,"2,927 ","149,673 ",51.1 
202201,서울특별시,서대문구,산업용,665 ,"2,873,796 ","357,355,954 ",124.3 
202201,서울특별시,서대문구,심 야,602 ,"618,953 ","53,909,019 ",87.1 
202201,서울특별시,서대문구,일반용,"16,058 ","54,840,924 ","7,181,757,996 ",131 
202201,서울특별시,서대문구,주택용,"101,816 ","42,148,289 ","5,084,598,331 ",120.6 
202201,서울특별시,서대문구,합계,"120,392 ","119,765,616 ","14,544,743,899 ",121.4 
202201,서울특별시,서초구,가로등,"10,915 ","1,961,323 ","214,459,868 ",109.3 
202201,서울특별시,서초구,교육용,104 ,"6,351,038 ","627,160,593 ",98.7 
202201,서울특별시,서초구,농사용,732 ,"858,349 ","40,367,079 ",47 
202201,서울특별시,서초구,산업용,837 ,"38,173,420 ","4,764,831,159 ",124.8 
202201,서울특별시,서초구,심 야,483 ,"780,003 ","72,253,597 ",92.6 
202201,서울특별시,서초구,일반용,"31,322 ","196,985,066 ","25,909,835,836 ",131.5 
202201,서울특별시,서초구,주택용,"85,443 ","62,916,484 ","8,518,236,527 ",135.4 
202201,서울특별시,서초구,합계,"129,836 ","308,025,683 ","40,147,144,659 ",130.3 
202201,서울특별시,성동구,가로등,"7,979 ","981,375 ","105,999,888 ",108 
202201,서울특별시,성동구,교육용,71 ,"8,433,686 ","793,067,794 ",94 
202201,서울특별시,성동구,농사용,4 ,"9,641 ","506,222 ",52.5 
202201,서울특별시,성동구,산업용,"4,067 ","80,206,457 ","9,663,442,181 ",120.5 
202201,서울특별시,성동구,심 야,236 ,"416,043 ","32,628,580 ",78.4 
202201,서울특별시,성동구,일반용,"16,846 ","75,914,047 ","10,110,767,870 ",133.2 
202201,서울특별시,성동구,주택용,"67,170 ","40,844,723 ","4,859,140,017 ",119 
202201,서울특별시,성동구,합계,"96,373 ","206,805,972 ","25,565,552,552 ",123.6 
202201,서울특별시,성북구,가로등,"1,488 ","1,225,628 ","126,374,296 ",103.1 
202201,서울특별시,성북구,교육용,151 ,"18,752,248 ","1,831,024,612 ",97.6 
202201,서울특별시,성북구,농사용,6 ,"3,057 ","147,571 ",48.3 
202201,서울특별시,성북구,산업용,"2,335 ","9,330,288 ","1,113,958,438 ",119.4 
202201,서울특별시,성북구,심 야,"1,275 ","1,932,917 ","151,199,369 ",78.2 
202201,서울특별시,성북구,일반용,"21,231 ","52,919,867 ","7,021,796,943 ",132.7 
202201,서울특별시,성북구,주택용,"129,143 ","56,977,008 ","6,933,107,942 ",121.7 
202201,서울특별시,성북구,합계,"155,629 ","141,141,013 ","17,177,609,171 ",121.7 
202201,서울특별시,송파구,가로등,"1,850 ","1,706,300 ","189,358,138 ",111 
202201,서울특별시,송파구,교육용,145 ,"7,392,573 ","687,994,499 ",93.1 
202201,서울특별시,송파구,농사용,107 ,"277,312 ","13,315,923 ",48 
202201,서울특별시,송파구,산업용,999 ,"18,149,358 ","2,165,628,081 ",119.3 
202201,서울특별시,송파구,심 야,440 ,"1,160,719 ","99,003,139 ",85.3 
202201,서울특별시,송파구,일반용,"29,487 ","147,361,634 ","19,219,042,546 ",130.4 
202201,서울특별시,송파구,주택용,"147,859 ","87,482,704 ","10,867,537,956 ",124.2 
202201,서울특별시,송파구,합계,"180,887 ","263,530,600 ","33,241,880,282 ",126.1 
202201,서울특별시,양천구,가로등,"8,043 ","1,122,465 ","117,148,412 ",104.4 
202201,서울특별시,양천구,교육용,108 ,"4,822,091 ","445,150,381 ",92.3 
202201,서울특별시,양천구,농사용,19 ,"20,187 ","1,046,365 ",51.8 
202201,서울특별시,양천구,산업용,983 ,"4,104,546 ","547,444,865 ",133.4 
202201,서울특별시,양천구,심 야,232 ,"321,491 ","30,922,159 ",96.2 
202201,서울특별시,양천구,일반용,"16,870 ","91,929,837 ","11,227,613,910 ",122.1 
202201,서울특별시,양천구,주택용,"101,927 ","58,755,126 ","6,997,792,301 ",119.1 
202201,서울특별시,양천구,합계,"128,182 ","161,075,743 ","19,367,118,393 ",120.2 
202201,서울특별시,영등포구,가로등,"10,226 ","1,413,996 ","150,992,466 ",106.8 
202201,서울특별시,영등포구,교육용,100 ,"3,540,178 ","325,235,052 ",91.9 
202201,서울특별시,영등포구,농사용,2 ,"2,592 ","115,786 ",44.7 
202201,서울특별시,영등포구,산업용,"3,109 ","20,427,922 ","2,538,178,002 ",124.3 
202201,서울특별시,영등포구,심 야,331 ,"1,796,924 ","180,321,704 ",100.4 
202201,서울특별시,영등포구,일반용,"23,850 ","165,776,558 ","21,775,256,507 ",131.4 
202201,서울특별시,영등포구,주택용,"108,861 ","57,982,571 ","6,827,207,930 ",117.7 
202201,서울특별시,영등포구,합계,"146,479 ","250,940,741 ","31,797,307,447 ",126.7 
202201,서울특별시,용산구,가로등,"11,093 ","1,144,376 ","119,558,408 ",104.5 
202201,서울특별시,용산구,교육용,74 ,"5,963,234 ","585,259,027 ",98.1 
202201,서울특별시,용산구,농사용,1 ,"83,202 ","3,810,598 ",45.8 
202201,서울특별시,용산구,산업용,894 ,"10,025,340 ","1,220,646,455 ",121.8 
202201,서울특별시,용산구,심 야,320 ,"706,785 ","64,265,175 ",90.9 
202201,서울특별시,용산구,일반용,"17,346 ","80,627,001 ","10,529,494,321 ",130.6 
202201,서울특별시,용산구,주택용,"79,227 ","39,010,442 ","5,277,246,254 ",135.3 
202201,서울특별시,용산구,합계,"108,955 ","137,560,380 ","17,800,280,238 ",129.4 
202201,서울특별시,은평구,가로등,"11,227 ","763,778 ","75,574,862 ",98.9 
202201,서울특별시,은평구,교육용,126 ,"5,194,036 ","484,969,163 ",93.4 
202201,서울특별시,은평구,농사용,58 ,"23,566 ","1,210,233 ",51.4 
202201,서울특별시,은평구,산업용,783 ,"16,927,638 ","2,078,738,988 ",122.8 
202201,서울특별시,은평구,심 야,513 ,"1,088,702 ","84,468,433 ",77.6 
202201,서울특별시,은평구,일반용,"21,013 ","53,601,340 ","7,109,378,678 ",132.6 
202201,서울특별시,은평구,주택용,"161,623 ","61,519,867 ","7,429,597,476 ",120.8 
202201,서울특별시,은평구,합계,"195,343 ","139,118,927 ","17,263,937,833 ",124.1 
202201,서울특별시,종로구,가로등,"10,310 ","828,232 ","89,991,346 ",108.7 
202201,서울특별시,종로구,교육용,133 ,"11,064,107 ","1,064,129,920 ",96.2 
202201,서울특별시,종로구,농사용,12 ,"4,955 ","234,763 ",47.4 
202201,서울특별시,종로구,산업용,"3,215 ","6,881,320 ","822,098,788 ",119.5 
202201,서울특별시,종로구,심 야,"1,242 ","2,539,642 ","207,881,319 ",81.9 
202201,서울특별시,종로구,일반용,"24,541 ","117,205,665 ","15,465,698,385 ",132 
202201,서울특별시,종로구,주택용,"65,877 ","24,799,032 ","3,302,544,245 ",133.2 
202201,서울특별시,종로구,합계,"105,330 ","163,322,953 ","20,952,578,766 ",128.3 
202201,서울특별시,중구,가로등,"6,806 ","940,217 ","99,026,428 ",105.3 
202201,서울특별시,중구,교육용,83 ,"5,986,439 ","571,766,661 ",95.5 
202201,서울특별시,중구,산업용,"5,469 ","21,725,401 ","2,699,148,477 ",124.2 
202201,서울특별시,중구,심 야,293 ,"743,050 ","80,769,934 ",108.7 
202201,서울특별시,중구,일반용,"23,191 ","164,177,193 ","21,845,497,077 ",133.1 
202201,서울특별시,중구,주택용,"43,341 ","19,557,533 ","2,415,202,183 ",123.5 
202201,서울특별시,중구,합계,"79,183 ","213,129,833 ","27,711,410,760 ",130 
202201,서울특별시,중랑구,가로등,"10,756 ","1,068,193 ","109,747,009 ",102.7 
202201,서울특별시,중랑구,교육용,86 ,"4,320,543 ","390,305,457 ",90.3 
202201,서울특별시,중랑구,농사용,46 ,"41,131 ","2,010,433 ",48.9 
202201,서울특별시,중랑구,산업용,"2,609 ","7,159,158 ","852,117,418 ",119 
202201,서울특별시,중랑구,심 야,360 ,"421,671 ","33,368,858 ",79.1 
202201,서울특별시,중랑구,일반용,"20,532 ","46,681,329 ","6,210,389,821 ",133 
202201,서울특별시,중랑구,주택용,"141,626 ","49,445,292 ","5,720,268,019 ",115.7 
202201,서울특별시,중랑구,합계,"176,015 ","109,137,317 ","13,318,207,015 ",122 
202202,서울특별시,강남구,가로등,"12,764 ","1,796,348 ","200,251,290 ",111.5 
202202,서울특별시,강남구,교육용,124 ,"5,647,145 ","548,343,579 ",97.1 
202202,서울특별시,강남구,농사용,180 ,"189,984 ","9,094,429 ",47.9 
202202,서울특별시,강남구,산업용,"1,047 ","29,414,318 ","3,489,009,649 ",118.6 
202202,서울특별시,강남구,심 야,623 ,"1,470,490 ","133,472,461 ",90.8 
202202,서울특별시,강남구,일반용,"52,257 ","321,510,278 ","42,932,829,303 ",133.5 
202202,서울특별시,강남구,주택용,"128,009 ","80,507,444 ","10,237,077,426 ",127.2 
202202,서울특별시,강남구,합계,"195,004 ","440,536,007 ","57,550,078,137 ",130.6 
202202,서울특별시,강동구,가로등,"6,301 ","871,097 ","97,166,471 ",111.5 
202202,서울특별시,강동구,교육용,109 ,"4,172,343 ","403,461,331 ",96.7 
202202,서울특별시,강동구,농사용,277 ,"248,547 ","12,817,780 ",51.6 
202202,서울특별시,강동구,산업용,"1,069 ","12,756,371 ","1,493,659,258 ",117.1 
202202,서울특별시,강동구,심 야,284 ,"393,665 ","32,838,955 ",83.4 
202202,서울특별시,강동구,일반용,"20,576 ","71,500,525 ","9,450,333,464 ",132.2 
202202,서울특별시,강동구,주택용,"114,213 ","58,363,182 ","6,968,288,561 ",119.4 
202202,서울특별시,강동구,합계,"142,829 ","148,305,730 ","18,458,565,820 ",124.5 
202202,서울특별시,강북구,가로등,"10,420 ","495,589 ","52,917,581 ",106.8 
202202,서울특별시,강북구,교육용,68 ,"3,005,531 ","279,250,250 ",92.9 
202202,서울특별시,강북구,농사용,11 ,"10,959 ","505,365 ",46.1 
202202,서울특별시,강북구,산업용,"1,484 ","4,848,511 ","574,362,570 ",118.5 
202202,서울특별시,강북구,심 야,523 ,"795,185 ","61,671,585 ",77.6 
202202,서울특별시,강북구,일반용,"16,474 ","40,013,437 ","5,277,838,587 ",131.9 
202202,서울특별시,강북구,주택용,"120,898 ","37,695,101 ","4,349,752,660 ",115.4 
202202,서울특별시,강북구,합계,"149,878 ","86,864,313 ","10,596,298,598 ",122 
202202,서울특별시,강서구,가로등,"10,364 ","1,253,508 ","142,610,875 ",113.8 
202202,서울특별시,강서구,교육용,155 ,"5,803,306 ","558,515,945 ",96.2 
202202,서울특별시,강서구,농사용,304 ,"369,764 ","18,482,148 ",50 
202202,서울특별시,강서구,산업용,967 ,"27,301,901 ","3,126,208,832 ",114.5 
202202,서울특별시,강서구,심 야,497 ,"1,029,906 ","82,552,324 ",80.2 
202202,서울특별시,강서구,일반용,"24,091 ","127,016,341 ","16,842,003,419 ",132.6 
202202,서울특별시,강서구,주택용,"176,162 ","73,802,555 ","8,474,389,674 ",114.8 
202202,서울특별시,강서구,합계,"212,540 ","236,577,281 ","29,244,763,217 ",123.6 
202202,서울특별시,관악구,가로등,"13,099 ","902,690 ","97,258,432 ",107.7 
202202,서울특별시,관악구,교육용,100 ,"23,655,853 ","2,029,971,067 ",85.8 
202202,서울특별시,관악구,농사용,8 ,"14,478 ","675,981 ",46.7 
202202,서울특별시,관악구,산업용,971 ,"3,457,709 ","428,493,117 ",123.9 
202202,서울특별시,관악구,심 야,902 ,"801,469 ","62,470,103 ",77.9 
202202,서울특별시,관악구,일반용,"25,314 ","69,112,368 ","9,048,431,091 ",130.9 
202202,서울특별시,관악구,주택용,"239,351 ","60,101,046 ","6,703,359,585 ",111.5 
202202,서울특별시,관악구,합계,"279,745 ","158,045,613 ","18,370,659,376 ",116.2 
202202,서울특별시,광진구,가로등,"9,884 ","794,065 ","90,305,551 ",113.7 
202202,서울특별시,광진구,교육용,96 ,"7,994,410 ","756,885,614 ",94.7 
202202,서울특별시,광진구,농사용,13 ,"34,562 ","1,537,932 ",44.5 
202202,서울특별시,광진구,산업용,"1,387 ","31,491,498 ","3,837,727,532 ",121.9 
202202,서울특별시,광진구,심 야,870 ,"770,383 ","63,826,705 ",82.9 
202202,서울특별시,광진구,일반용,"21,344 ","57,285,629 ","7,636,328,741 ",133.3 
202202,서울특별시,광진구,주택용,"148,196 ","43,617,183 ","5,219,048,580 ",119.7 
202202,서울특별시,광진구,합계,"181,790 ","141,987,730 ","17,605,660,655 ",124 
202202,서울특별시,구로구,가로등,"10,305 ","942,977 ","107,834,734 ",114.4 
202202,서울특별시,구로구,교육용,97 ,"4,160,195 ","407,051,430 ",97.8 
202202,서울특별시,구로구,농사용,67 ,"67,749 ","3,210,881 ",47.4 
202202,서울특별시,구로구,산업용,"1,693 ","33,669,859 ","3,966,290,952 ",117.8 
202202,서울특별시,구로구,심 야,303 ,"588,221 ","48,634,178 ",82.7 
202202,서울특별시,구로구,일반용,"18,683 ","81,701,159 ","10,973,898,535 ",134.3 
202202,서울특별시,구로구,주택용,"109,494 ","54,924,559 ","6,259,809,350 ",114 
202202,서울특별시,구로구,합계,"140,642 ","176,054,719 ","21,766,730,060 ",123.6 
202202,서울특별시,금천구,가로등,"7,113 ","624,986 ","78,377,996 ",125.4 
202202,서울특별시,금천구,교육용,55 ,"2,104,608 ","195,450,376 ",92.9 
202202,서울특별시,금천구,농사용,4 ,"18,707 ","894,561 ",47.8 
202202,서울특별시,금천구,산업용,"2,168 ","20,733,768 ","2,702,536,397 ",130.3 
202202,서울특별시,금천구,심 야,200 ,"272,320 ","25,328,333 ",93 
202202,서울특별시,금천구,일반용,"13,701 ","94,699,340 ","12,783,441,605 ",135 
202202,서울특별시,금천구,주택용,"87,335 ","30,870,736 ","3,464,888,716 ",112.2 
202202,서울특별시,금천구,합계,"110,576 ","149,324,465 ","19,250,917,984 ",128.9 
202202,서울특별시,노원구,가로등,"7,790 ","1,101,489 ","124,216,137 ",112.8 
202202,서울특별시,노원구,교육용,172 ,"13,128,887 ","1,287,466,182 ",98.1 
202202,서울특별시,노원구,농사용,31 ,"38,627 ","1,924,106 ",49.8 
202202,서울특별시,노원구,산업용,882 ,"6,334,925 ","783,977,118 ",123.8 
202202,서울특별시,노원구,심 야,250 ,"899,831 ","69,926,348 ",77.7 
202202,서울특별시,노원구,일반용,"15,287 ","58,101,849 ","7,588,266,816 ",130.6 
202202,서울특별시,노원구,주택용,"87,048 ","61,958,957 ","6,578,764,458 ",106.2 
202202,서울특별시,노원구,합계,"111,460 ","141,564,565 ","16,434,541,165 ",116.1 
202202,서울특별시,도봉구,가로등,"7,302 ","563,235 ","63,709,970 ",113.1 
202202,서울특별시,도봉구,교육용,83 ,"3,960,258 ","390,049,207 ",98.5 
202202,서울특별시,도봉구,농사용,55 ,"24,075 ","1,244,369 ",51.7 
202202,서울특별시,도봉구,산업용,"1,011 ","4,892,660 ","567,122,164 ",115.9 
202202,서울특별시,도봉구,심 야,272 ,"461,884 ","36,212,363 ",78.4 
202202,서울특별시,도봉구,일반용,"12,651 ","33,431,095 ","4,466,837,473 ",133.6 
202202,서울특별시,도봉구,주택용,"82,460 ","39,421,129 ","4,418,583,234 ",112.1 
202202,서울특별시,도봉구,합계,"103,834 ","82,754,336 ","9,943,758,780 ",120.2 
202202,서울특별시,동대문구,가로등,"10,768 ","833,697 ","91,222,335 ",109.4 
202202,서울특별시,동대문구,교육용,95 ,"9,318,911 ","893,742,951 ",95.9 
202202,서울특별시,동대문구,농사용,6 ,"14,076 ","625,352 ",44.4 
202202,서울특별시,동대문구,산업용,"2,839 ","15,931,629 ","1,934,957,994 ",121.5 
202202,서울특별시,동대문구,심 야,397 ,"653,832 ","50,698,994 ",77.5 
202202,서울특별시,동대문구,일반용,"23,630 ","60,001,645 ","8,043,051,102 ",134 
202202,서울특별시,동대문구,주택용,"112,085 ","47,528,148 ","5,506,401,918 ",115.9 
202202,서울특별시,동대문구,합계,"149,820 ","134,281,938 ","16,520,700,646 ",123 
202202,서울특별시,동작구,가로등,"10,186 ","707,247 ","77,132,184 ",109.1 
202202,서울특별시,동작구,교육용,82 ,"8,604,800 ","820,647,811 ",95.4 
202202,서울특별시,동작구,농사용,5 ,"26,310 ","1,261,018 ",47.9 
202202,서울특별시,동작구,산업용,514 ,"4,356,689 ","560,691,545 ",128.7 
202202,서울특별시,동작구,심 야,435 ,"713,161 ","58,471,877 ",82 
202202,서울특별시,동작구,일반용,"16,812 ","52,562,308 ","6,868,036,057 ",130.7 
202202,서울특별시,동작구,주택용,"135,851 ","48,879,068 ","5,774,890,912 ",118.1 
202202,서울특별시,동작구,합계,"163,885 ","115,849,583 ","14,161,131,404 ",122.2 
202202,서울특별시,마포구,가로등,"10,568 ","1,150,012 ","129,589,949 ",112.7 
202202,서울특별시,마포구,교육용,90 ,"6,032,736 ","590,808,984 ",97.9 
202202,서울특별시,마포구,농사용,4 ,"5,929 ","265,342 ",44.8 
202202,서울특별시,마포구,산업용,"1,071 ","11,653,860 ","1,589,555,968 ",136.4 
202202,서울특별시,마포구,심 야,347 ,"1,219,179 ","97,371,707 ",79.9 
202202,서울특별시,마포구,일반용,"30,927 ","120,269,548 ","16,200,814,764 ",134.7 
202202,서울특별시,마포구,주택용,"110,152 ","54,171,813 ","6,487,005,867 ",119.7 
202202,서울특별시,마포구,합계,"153,159 ","194,503,077 ","25,095,412,581 ",129 
202202,서울특별시,서대문구,가로등,"1,153 ","686,732 ","76,965,516 ",112.1 
202202,서울특별시,서대문구,교육용,95 ,"16,496,830 ","1,654,273,129 ",100.3 
202202,서울특별시,서대문구,농사용,4 ,"2,220 ","121,497 ",54.7 
202202,서울특별시,서대문구,산업용,663 ,"2,802,036 ","349,990,045 ",124.9 
202202,서울특별시,서대문구,심 야,599 ,"596,215 ","51,399,120 ",86.2 
202202,서울특별시,서대문구,일반용,"16,106 ","52,551,842 ","6,961,783,740 ",132.5 
202202,서울특별시,서대문구,주택용,"101,744 ","40,984,665 ","4,882,098,084 ",119.1 
202202,서울특별시,서대문구,합계,"120,364 ","114,120,540 ","13,976,631,131 ",122.5 
202202,서울특별시,서초구,가로등,"10,946 ","1,863,621 ","211,389,670 ",113.4 
202202,서울특별시,서초구,교육용,104 ,"5,780,224 ","575,200,179 ",99.5 
202202,서울특별시,서초구,농사용,732 ,"890,079 ","41,758,938 ",46.9 
202202,서울특별시,서초구,산업용,831 ,"37,939,898 ","4,710,119,835 ",124.1 
202202,서울특별시,서초구,심 야,476 ,"783,592 ","72,615,394 ",92.7 
202202,서울특별시,서초구,일반용,"31,340 ","188,428,353 ","24,869,852,151 ",132 
202202,서울특별시,서초구,주택용,"85,341 ","61,155,621 ","8,180,299,643 ",133.8 
202202,서울특별시,서초구,합계,"129,770 ","296,841,388 ","38,661,235,810 ",130.2 
202202,서울특별시,성동구,가로등,"7,978 ","932,112 ","104,503,565 ",112.1 
202202,서울특별시,성동구,교육용,71 ,"7,495,878 ","724,281,957 ",96.6 
202202,서울특별시,성동구,농사용,4 ,"9,593 ","460,788 ",48 
202202,서울특별시,성동구,산업용,"4,059 ","76,226,394 ","9,206,926,550 ",120.8 
202202,서울특별시,성동구,심 야,235 ,"404,626 ","31,755,702 ",78.5 
202202,서울특별시,성동구,일반용,"16,870 ","71,737,530 ","9,687,406,887 ",135 
202202,서울특별시,성동구,주택용,"67,135 ","40,897,725 ","4,852,084,840 ",118.6 
202202,서울특별시,성동구,합계,"96,352 ","197,703,858 ","24,607,420,289 ",124.5 
202202,서울특별시,성북구,가로등,"1,490 ","1,132,017 ","125,305,285 ",110.7 
202202,서울특별시,성북구,교육용,151 ,"17,341,333 ","1,716,043,327 ",99 
202202,서울특별시,성북구,농사용,6 ,"3,266 ","155,680 ",47.7 
202202,서울특별시,성북구,산업용,"2,336 ","8,886,185 ","1,068,074,247 ",120.2 
202202,서울특별시,성북구,심 야,"1,272 ","1,879,032 ","144,054,899 ",76.7 
202202,서울특별시,성북구,일반용,"21,246 ","51,403,150 ","6,869,671,834 ",133.6 
202202,서울특별시,성북구,주택용,"129,206 ","57,145,901 ","6,936,187,041 ",121.4 
202202,서울특별시,성북구,합계,"155,707 ","137,790,884 ","16,859,492,313 ",122.4 
202202,서울특별시,송파구,가로등,"1,859 ","1,600,539 ","183,385,635 ",114.6 
202202,서울특별시,송파구,교육용,147 ,"7,433,796 ","703,523,824 ",94.6 
202202,서울특별시,송파구,농사용,107 ,"268,743 ","12,888,367 ",48 
202202,서울특별시,송파구,산업용,998 ,"17,147,754 ","2,058,378,348 ",120 
202202,서울특별시,송파구,심 야,436 ,"1,343,132 ","105,318,136 ",78.4 
202202,서울특별시,송파구,일반용,"29,572 ","138,395,359 ","18,301,082,962 ",132.2 
202202,서울특별시,송파구,주택용,"147,863 ","86,398,042 ","10,674,660,931 ",123.6 
202202,서울특별시,송파구,합계,"180,982 ","252,587,365 ","32,039,238,203 ",126.8 
202202,서울특별시,양천구,가로등,"8,070 ","1,073,527 ","116,051,662 ",108.1 
202202,서울특별시,양천구,교육용,108 ,"4,155,456 ","391,409,087 ",94.2 
202202,서울특별시,양천구,농사용,19 ,"19,983 ","985,916 ",49.3 
202202,서울특별시,양천구,산업용,978 ,"3,670,235 ","506,755,829 ",138.1 
202202,서울특별시,양천구,심 야,230 ,"318,159 ","30,677,018 ",96.4 
202202,서울특별시,양천구,일반용,"16,907 ","89,307,325 ","11,002,824,726 ",123.2 
202202,서울특별시,양천구,주택용,"101,969 ","58,309,411 ","6,924,082,643 ",118.7 
202202,서울특별시,양천구,합계,"128,281 ","156,854,096 ","18,972,786,881 ",121 
202202,서울특별시,영등포구,가로등,"10,237 ","1,314,988 ","146,797,135 ",111.6 
202202,서울특별시,영등포구,교육용,100 ,"3,161,325 ","292,291,484 ",92.5 
202202,서울특별시,영등포구,농사용,2 ,"3,340 ","145,043 ",43.4 
202202,서울특별시,영등포구,산업용,"3,100 ","19,149,759 ","2,414,456,424 ",126.1 
202202,서울특별시,영등포구,심 야,329 ,"1,711,395 ","172,152,680 ",100.6 
202202,서울특별시,영등포구,일반용,"23,862 ","155,309,451 ","20,694,760,392 ",133.2 
202202,서울특별시,영등포구,주택용,"108,923 ","56,456,494 ","6,547,355,700 ",116 
202202,서울특별시,영등포구,합계,"146,553 ","237,106,752 ","30,267,958,858 ",127.7 
202202,서울특별시,용산구,가로등,"11,069 ","1,051,289 ","116,953,236 ",111.2 
202202,서울특별시,용산구,교육용,75 ,"5,575,682 ","549,834,390 ",98.6 
202202,서울특별시,용산구,농사용,1 ,"73,044 ","3,381,931 ",46.3 
202202,서울특별시,용산구,산업용,894 ,"9,802,798 ","1,190,615,118 ",121.5 
202202,서울특별시,용산구,심 야,317 ,"703,756 ","63,424,726 ",90.1 
202202,서울특별시,용산구,일반용,"17,384 ","76,670,984 ","10,243,307,278 ",133.6 
202202,서울특별시,용산구,주택용,"79,305 ","38,233,436 ","5,133,634,578 ",134.3 
202202,서울특별시,용산구,합계,"109,045 ","132,110,989 ","17,301,151,257 ",131 
202202,서울특별시,은평구,가로등,"11,233 ","692,116 ","73,772,330 ",106.6 
202202,서울특별시,은평구,교육용,126 ,"4,596,690 ","446,238,581 ",97.1 
202202,서울특별시,은평구,농사용,58 ,"22,954 ","1,176,577 ",51.3 
202202,서울특별시,은평구,산업용,782 ,"16,824,342 ","2,056,345,394 ",122.2 
202202,서울특별시,은평구,심 야,513 ,"1,096,072 ","85,081,357 ",77.6 
202202,서울특별시,은평구,일반용,"21,009 ","52,547,668 ","6,960,912,596 ",132.5 
202202,서울특별시,은평구,주택용,"161,659 ","60,941,481 ","7,296,632,681 ",119.7 
202202,서울특별시,은평구,합계,"195,380 ","136,721,323 ","16,920,159,516 ",123.8 
202202,서울특별시,종로구,가로등,"10,309 ","781,789 ","89,691,428 ",114.7 
202202,서울특별시,종로구,교육용,133 ,"10,246,892 ","1,000,071,757 ",97.6 
202202,서울특별시,종로구,농사용,12 ,"4,422 ","213,831 ",48.4 
202202,서울특별시,종로구,산업용,"3,216 ","6,721,003 ","808,524,639 ",120.3 
202202,서울특별시,종로구,심 야,"1,231 ","2,600,584 ","213,209,576 ",82 
202202,서울특별시,종로구,일반용,"24,555 ","110,074,405 ","14,711,247,649 ",133.6 
202202,서울특별시,종로구,주택용,"65,865 ","24,030,840 ","3,176,256,633 ",132.2 
202202,서울특별시,종로구,합계,"105,321 ","154,459,935 ","19,999,215,513 ",129.5 
202202,서울특별시,중구,가로등,"6,810 ","905,430 ","98,562,588 ",108.9 
202202,서울특별시,중구,교육용,83 ,"5,263,815 ","518,689,334 ",98.5 
202202,서울특별시,중구,산업용,"5,470 ","20,807,249 ","2,618,488,140 ",125.8 
202202,서울특별시,중구,심 야,291 ,"761,502 ","80,701,325 ",106 
202202,서울특별시,중구,일반용,"23,172 ","151,511,909 ","20,532,166,004 ",135.5 
202202,서울특별시,중구,주택용,"43,293 ","18,837,912 ","2,285,182,872 ",121.3 
202202,서울특별시,중구,합계,"79,119 ","198,087,817 ","26,133,790,263 ",131.9 
202202,서울특별시,중랑구,가로등,"10,801 ","985,286 ","106,952,140 ",108.5 
202202,서울특별시,중랑구,교육용,86 ,"3,715,650 ","345,178,300 ",92.9 
202202,서울특별시,중랑구,농사용,47 ,"48,511 ","2,334,312 ",48.1 
202202,서울특별시,중랑구,산업용,"2,623 ","7,004,955 ","837,015,083 ",119.5 
202202,서울특별시,중랑구,심 야,358 ,"418,852 ","33,127,111 ",79.1 
202202,서울특별시,중랑구,일반용,"20,567 ","45,420,392 ","6,059,859,420 ",133.4 
202202,서울특별시,중랑구,주택용,"141,764 ","48,746,053 ","5,570,831,842 ",114.3 
202202,서울특별시,중랑구,합계,"176,246 ","106,339,699 ","12,955,298,208 ",121.8 
202203,서울특별시,강남구,가로등,"12,944 ","1,583,822 ","179,717,663 ",113.5 
202203,서울특별시,강남구,교육용,124 ,"4,959,285 ","510,602,759 ",103 
202203,서울특별시,강남구,농사용,180 ,"153,367 ","7,364,252 ",48 
202203,서울특별시,강남구,산업용,"1,054 ","25,997,445 ","2,686,825,582 ",103.3 
202203,서울특별시,강남구,심 야,620 ,"1,360,945 ","107,065,123 ",78.7 
202203,서울특별시,강남구,일반용,"52,411 ","272,983,876 ","33,838,531,127 ",124 
202203,서울특별시,강남구,주택용,"127,807 ","74,151,010 ","8,859,922,664 ",119.5 
202203,서울특별시,강남구,합계,"195,140 ","381,189,750 ","46,190,029,170 ",121.2 
202203,서울특별시,강동구,가로등,"6,634 ","778,019 ","88,065,855 ",113.2 
202203,서울특별시,강동구,교육용,109 ,"3,508,229 ","373,760,243 ",106.5 
202203,서울특별시,강동구,농사용,277 ,"178,026 ","9,191,203 ",51.6 
202203,서울특별시,강동구,산업용,"1,066 ","13,449,748 ","1,302,129,223 ",96.8 
202203,서울특별시,강동구,심 야,283 ,"301,869 ","21,962,466 ",72.8 
202203,서울특별시,강동구,일반용,"20,573 ","60,927,077 ","7,562,150,924 ",124.1 
202203,서울특별시,강동구,주택용,"114,247 ","51,255,144 ","5,613,346,280 ",109.5 
202203,서울특별시,강동구,합계,"143,189 ","130,398,112 ","14,970,606,194 ",114.8 
202203,서울특별시,강북구,가로등,"10,330 ","459,510 ","48,973,639 ",106.6 
202203,서울특별시,강북구,교육용,68 ,"2,667,910 ","276,554,645 ",103.7 
202203,서울특별시,강북구,농사용,11 ,"8,091 ","386,194 ",47.7 
202203,서울특별시,강북구,산업용,"1,483 ","4,352,528 ","485,408,409 ",111.5 
202203,서울특별시,강북구,심 야,522 ,"640,920 ","44,455,878 ",69.4 
202203,서울특별시,강북구,일반용,"16,475 ","33,442,195 ","4,248,372,935 ",127 
202203,서울특별시,강북구,주택용,"121,057 ","32,620,080 ","3,389,049,075 ",103.9 
202203,서울특별시,강북구,합계,"149,946 ","74,191,234 ","8,493,200,775 ",114.5 
202203,서울특별시,강서구,가로등,"10,367 ","1,106,426 ","127,759,152 ",115.5 
202203,서울특별시,강서구,교육용,155 ,"5,019,922 ","528,526,548 ",105.3 
202203,서울특별시,강서구,농사용,562 ,"436,934 ","20,826,171 ",47.7 
202203,서울특별시,강서구,산업용,965 ,"28,252,280 ","2,699,014,877 ",95.5 
202203,서울특별시,강서구,심 야,494 ,"896,536 ","64,700,077 ",72.2 
202203,서울특별시,강서구,일반용,"24,150 ","112,681,709 ","13,643,762,938 ",121.1 
202203,서울특별시,강서구,주택용,"176,160 ","65,631,588 ","6,952,661,638 ",105.9 
202203,서울특별시,강서구,합계,"212,853 ","214,025,395 ","24,037,251,401 ",112.3 
202203,서울특별시,관악구,가로등,"13,284 ","857,567 ","92,283,556 ",107.6 
202203,서울특별시,관악구,교육용,101 ,"19,355,008 ","1,656,782,759 ",85.6 
202203,서울특별시,관악구,농사용,8 ,"12,022 ","579,009 ",48.2 
202203,서울특별시,관악구,산업용,969 ,"3,193,004 ","370,329,179 ",116 
202203,서울특별시,관악구,심 야,899 ,"647,553 ","44,163,401 ",68.2 
202203,서울특별시,관악구,일반용,"25,330 ","59,372,926 ","7,360,871,490 ",124 
202203,서울특별시,관악구,주택용,"239,488 ","52,591,339 ","5,376,180,582 ",102.2 
202203,서울특별시,관악구,합계,"280,079 ","136,029,419 ","14,901,189,976 ",109.5 
202203,서울특별시,광진구,가로등,"9,909 ","739,979 ","83,842,612 ",113.3 
202203,서울특별시,광진구,교육용,95 ,"7,131,029 ","612,988,768 ",86 
202203,서울특별시,광진구,농사용,13 ,"29,593 ","1,334,387 ",45.1 
202203,서울특별시,광진구,산업용,"1,382 ","27,302,175 ","2,998,052,453 ",109.8 
202203,서울특별시,광진구,심 야,867 ,"592,935 ","49,077,369 ",82.8 
202203,서울특별시,광진구,일반용,"21,341 ","48,615,504 ","6,056,338,351 ",124.6 
202203,서울특별시,광진구,주택용,"148,191 ","38,116,903 ","4,196,015,141 ",110.1 
202203,서울특별시,광진구,합계,"181,798 ","122,528,118 ","13,997,649,081 ",114.2 
202203,서울특별시,구로구,가로등,"10,302 ","851,099 ","99,462,592 ",116.9 
202203,서울특별시,구로구,교육용,97 ,"3,572,528 ","366,626,178 ",102.6 
202203,서울특별시,구로구,농사용,66 ,"50,365 ","2,453,235 ",48.7 
202203,서울특별시,구로구,산업용,"1,691 ","27,936,531 ","3,003,373,694 ",107.5 
202203,서울특별시,구로구,심 야,303 ,"468,880 ","34,391,734 ",73.3 
202203,서울특별시,구로구,일반용,"18,680 ","68,943,468 ","8,524,653,791 ",123.6 
202203,서울특별시,구로구,주택용,"109,493 ","48,825,399 ","5,134,424,215 ",105.2 
202203,서울특별시,구로구,합계,"140,632 ","150,648,270 ","17,165,385,439 ",113.9 
202203,서울특별시,금천구,가로등,"7,118 ","574,657 ","74,409,680 ",129.5 
202203,서울특별시,금천구,교육용,55 ,"1,786,858 ","185,278,372 ",103.7 
202203,서울특별시,금천구,농사용,4 ,"15,708 ","677,528 ",43.1 
202203,서울특별시,금천구,산업용,"2,166 ","18,378,303 ","2,206,767,459 ",120.1 
202203,서울특별시,금천구,심 야,200 ,"219,374 ","19,404,316 ",88.5 
202203,서울특별시,금천구,일반용,"13,724 ","83,128,180 ","9,938,579,693 ",119.6 
202203,서울특별시,금천구,주택용,"87,574 ","27,265,485 ","2,825,481,476 ",103.6 
202203,서울특별시,금천구,합계,"110,841 ","131,368,565 ","15,250,598,524 ",116.1 
202203,서울특별시,노원구,가로등,"7,837 ","1,026,617 ","116,770,238 ",113.7 
202203,서울특별시,노원구,교육용,172 ,"11,661,316 ","1,156,516,793 ",99.2 
202203,서울특별시,노원구,농사용,31 ,"30,590 ","1,541,500 ",50.4 
202203,서울특별시,노원구,산업용,882 ,"6,045,078 ","675,264,425 ",111.7 
202203,서울특별시,노원구,심 야,250 ,"704,164 ","49,008,828 ",69.6 
202203,서울특별시,노원구,일반용,"15,298 ","49,375,745 ","6,086,901,117 ",123.3 
202203,서울특별시,노원구,주택용,"87,083 ","54,498,898 ","5,327,565,091 ",97.8 
202203,서울특별시,노원구,합계,"111,553 ","123,342,408 ","13,413,567,992 ",108.8 
202203,서울특별시,도봉구,가로등,"7,301 ","521,993 ","59,609,625 ",114.2 
202203,서울특별시,도봉구,교육용,83 ,"3,372,157 ","368,110,113 ",109.2 
202203,서울특별시,도봉구,농사용,56 ,"21,903 ","1,100,803 ",50.3 
202203,서울특별시,도봉구,산업용,"1,017 ","4,534,822 ","490,474,178 ",108.2 
202203,서울특별시,도봉구,심 야,270 ,"370,160 ","26,232,467 ",70.9 
202203,서울특별시,도봉구,일반용,"12,672 ","28,059,263 ","3,608,322,584 ",128.6 
202203,서울특별시,도봉구,주택용,"82,497 ","34,407,505 ","3,527,661,816 ",102.5 
202203,서울특별시,도봉구,합계,"103,896 ","71,287,803 ","8,081,511,586 ",113.4 
202203,서울특별시,동대문구,가로등,"10,770 ","770,871 ","84,658,427 ",109.8 
202203,서울특별시,동대문구,교육용,95 ,"8,061,761 ","740,334,292 ",91.8 
202203,서울특별시,동대문구,농사용,6 ,"10,672 ","490,484 ",46 
202203,서울특별시,동대문구,산업용,"2,838 ","13,917,339 ","1,573,035,968 ",113 
202203,서울특별시,동대문구,심 야,396 ,"480,823 ","34,028,777 ",70.8 
202203,서울특별시,동대문구,일반용,"23,628 ","50,983,953 ","6,584,164,738 ",129.1 
202203,서울특별시,동대문구,주택용,"112,247 ","42,047,189 ","4,445,217,096 ",105.7 
202203,서울특별시,동대문구,합계,"149,980 ","116,272,608 ","13,461,929,782 ",115.8 
202203,서울특별시,동작구,가로등,"10,188 ","635,890 ","69,907,767 ",109.9 
202203,서울특별시,동작구,교육용,82 ,"7,386,472 ","678,585,771 ",91.9 
202203,서울특별시,동작구,농사용,7 ,"24,332 ","1,199,545 ",49.3 
202203,서울특별시,동작구,산업용,511 ,"4,491,654 ","503,570,137 ",112.1 
202203,서울특별시,동작구,심 야,433 ,"485,829 ","37,337,414 ",76.9 
202203,서울특별시,동작구,일반용,"16,807 ","44,727,199 ","5,451,657,107 ",121.9 
202203,서울특별시,동작구,주택용,"135,791 ","43,169,210 ","4,678,480,118 ",108.4 
202203,서울특별시,동작구,합계,"163,819 ","100,920,586 ","11,420,737,859 ",113.2 
202203,서울특별시,마포구,가로등,"10,513 ","1,034,483 ","119,429,445 ",115.4 
202203,서울특별시,마포구,교육용,90 ,"5,305,695 ","484,755,604 ",91.4 
202203,서울특별시,마포구,농사용,4 ,"4,852 ","222,700 ",45.9 
202203,서울특별시,마포구,산업용,"1,066 ","11,362,645 ","1,370,653,115 ",120.6 
202203,서울특별시,마포구,심 야,346 ,"1,019,350 ","70,302,018 ",69 
202203,서울특별시,마포구,일반용,"31,006 ","107,721,868 ","12,264,857,252 ",113.9 
202203,서울특별시,마포구,주택용,"110,108 ","47,592,780 ","5,210,811,268 ",109.5 
202203,서울특별시,마포구,합계,"153,133 ","174,041,673 ","19,521,031,402 ",112.2 
202203,서울특별시,서대문구,가로등,"1,152 ","611,042 ","69,314,333 ",113.4 
202203,서울특별시,서대문구,교육용,95 ,"15,228,912 ","1,304,445,384 ",85.7 
202203,서울특별시,서대문구,농사용,4 ,"1,863 ","101,866 ",54.7 
202203,서울특별시,서대문구,산업용,663 ,"2,644,061 ","304,980,579 ",115.3 
202203,서울특별시,서대문구,심 야,595 ,"466,220 ","36,634,670 ",78.6 
202203,서울특별시,서대문구,일반용,"16,106 ","45,306,799 ","5,536,858,450 ",122.2 
202203,서울특별시,서대문구,주택용,"101,804 ","37,150,651 ","4,076,119,065 ",109.7 
202203,서울특별시,서대문구,합계,"120,419 ","101,409,548 ","11,328,454,347 ",111.7 
202203,서울특별시,서초구,가로등,"10,959 ","1,674,197 ","193,784,744 ",115.7 
202203,서울특별시,서초구,교육용,104 ,"5,082,314 ","534,339,673 ",105.1 
202203,서울특별시,서초구,농사용,730 ,"721,404 ","34,580,198 ",47.9 
202203,서울특별시,서초구,산업용,835 ,"32,632,315 ","3,672,479,251 ",112.5 
202203,서울특별시,서초구,심 야,475 ,"646,802 ","56,336,561 ",87.1 
202203,서울특별시,서초구,일반용,"31,371 ","163,268,875 ","20,169,228,093 ",123.5 
202203,서울특별시,서초구,주택용,"85,200 ","55,376,857 ","6,891,006,506 ",124.4 
202203,서울특별시,서초구,합계,"129,674 ","259,402,764 ","31,551,755,026 ",121.6 
202203,서울특별시,성동구,가로등,"7,978 ","836,258 ","95,162,401 ",113.8 
202203,서울특별시,성동구,교육용,71 ,"7,011,694 ","631,808,285 ",90.1 
202203,서울특별시,성동구,농사용,4 ,"9,244 ","439,266 ",47.5 
202203,서울특별시,성동구,산업용,"4,056 ","71,057,573 ","7,648,472,061 ",107.6 
202203,서울특별시,성동구,심 야,235 ,"324,150 ","22,745,192 ",70.2 
202203,서울특별시,성동구,일반용,"16,863 ","61,648,134 ","7,727,924,063 ",125.4 
202203,서울특별시,성동구,주택용,"67,108 ","35,716,628 ","3,905,986,943 ",109.4 
202203,서울특별시,성동구,합계,"96,315 ","176,603,681 ","20,032,538,211 ",113.4 
202203,서울특별시,성북구,가로등,"1,510 ","1,027,921 ","114,536,282 ",111.4 
202203,서울특별시,성북구,교육용,151 ,"14,480,245 ","1,332,307,788 ",92 
202203,서울특별시,성북구,농사용,6 ,"2,265 ","116,062 ",51.2 
202203,서울특별시,성북구,산업용,"2,335 ","8,299,594 ","912,963,134 ",110 
202203,서울특별시,성북구,심 야,"1,268 ","1,511,566 ","103,173,099 ",68.3 
202203,서울특별시,성북구,일반용,"21,262 ","43,269,072 ","5,519,289,362 ",127.6 
202203,서울특별시,성북구,주택용,"129,205 ","50,238,652 ","5,559,331,227 ",110.7 
202203,서울특별시,성북구,합계,"155,737 ","118,829,315 ","13,541,716,954 ",114 
202203,서울특별시,송파구,가로등,"1,889 ","1,394,990 ","161,350,604 ",115.7 
202203,서울특별시,송파구,교육용,150 ,"6,617,201 ","684,049,085 ",103.4 
202203,서울특별시,송파구,농사용,108 ,"224,654 ","10,694,026 ",47.6 
202203,서울특별시,송파구,산업용,998 ,"16,663,904 ","1,725,625,283 ",103.6 
202203,서울특별시,송파구,심 야,433 ,"707,859 ","65,016,067 ",91.8 
202203,서울특별시,송파구,일반용,"29,619 ","130,618,563 ","15,405,102,426 ",117.9 
202203,서울특별시,송파구,주택용,"147,936 ","76,112,301 ","8,504,434,710 ",111.7 
202203,서울특별시,송파구,합계,"181,133 ","232,339,472 ","26,556,272,201 ",114.3 
202203,서울특별시,양천구,가로등,"8,069 ","949,409 ","104,154,013 ",109.7 
202203,서울특별시,양천구,교육용,108 ,"3,770,210 ","422,206,256 ",112 
202203,서울특별시,양천구,농사용,19 ,"15,292 ","700,958 ",45.8 
202203,서울특별시,양천구,산업용,980 ,"3,451,508 ","458,305,808 ",132.8 
202203,서울특별시,양천구,심 야,227 ,"266,160 ","24,678,963 ",92.7 
202203,서울특별시,양천구,일반용,"16,928 ","85,128,579 ","9,375,593,297 ",110.1 
202203,서울특별시,양천구,주택용,"102,048 ","51,902,720 ","5,679,506,636 ",109.4 
202203,서울특별시,양천구,합계,"128,379 ","145,483,878 ","16,065,145,931 ",110.4 
202203,서울특별시,영등포구,가로등,"10,248 ","1,264,681 ","141,002,903 ",111.5 
202203,서울특별시,영등포구,교육용,101 ,"2,753,329 ","294,649,938 ",107 
202203,서울특별시,영등포구,농사용,2 ,"2,442 ","109,468 ",44.8 
202203,서울특별시,영등포구,산업용,"3,095 ","19,251,471 ","2,148,905,869 ",111.6 
202203,서울특별시,영등포구,심 야,328 ,"2,065,107 ","165,064,762 ",79.9 
202203,서울특별시,영등포구,일반용,"23,853 ","139,424,876 ","16,591,111,315 ",119 
202203,서울특별시,영등포구,주택용,"108,869 ","50,880,063 ","5,515,955,298 ",108.4 
202203,서울특별시,영등포구,합계,"146,496 ","215,641,969 ","24,856,799,553 ",115.3 
202203,서울특별시,용산구,가로등,"11,067 ","958,928 ","107,679,101 ",112.3 
202203,서울특별시,용산구,교육용,74 ,"4,672,601 ","461,826,202 ",98.8 
202203,서울특별시,용산구,농사용,1 ,"82,931 ","3,633,300 ",43.8 
202203,서울특별시,용산구,산업용,896 ,"8,885,688 ","999,241,963 ",112.5 
202203,서울특별시,용산구,심 야,316 ,"569,352 ","47,524,164 ",83.5 
202203,서울특별시,용산구,일반용,"17,423 ","65,989,200 ","8,060,434,621 ",122.1 
202203,서울특별시,용산구,주택용,"79,256 ","33,412,262 ","4,055,789,263 ",121.4 
202203,서울특별시,용산구,합계,"109,033 ","114,570,962 ","13,736,128,614 ",119.9 
202203,서울특별시,은평구,가로등,"11,265 ","635,939 ","67,605,045 ",106.3 
202203,서울특별시,은평구,교육용,126 ,"4,006,017 ","429,900,030 ",107.3 
202203,서울특별시,은평구,농사용,58 ,"20,311 ","1,076,529 ",53 
202203,서울특별시,은평구,산업용,782 ,"14,847,704 ","1,629,234,369 ",109.7 
202203,서울특별시,은평구,심 야,512 ,"859,098 ","61,090,431 ",71.1 
202203,서울특별시,은평구,일반용,"21,051 ","44,110,579 ","5,651,967,610 ",128.1 
202203,서울특별시,은평구,주택용,"161,803 ","53,980,272 ","5,933,328,673 ",109.9 
202203,서울특별시,은평구,합계,"195,597 ","118,459,920 ","13,774,202,687 ",116.3 
202203,서울특별시,종로구,가로등,"10,312 ","708,480 ","82,909,989 ",117 
202203,서울특별시,종로구,교육용,133 ,"8,434,552 ","793,759,077 ",94.1 
202203,서울특별시,종로구,농사용,12 ,"3,828 ","190,501 ",49.8 
202203,서울특별시,종로구,산업용,"3,213 ","6,586,374 ","736,044,614 ",111.8 
202203,서울특별시,종로구,심 야,"1,226 ","2,043,634 ","148,455,072 ",72.6 
202203,서울특별시,종로구,일반용,"24,560 ","95,738,047 ","11,661,663,716 ",121.8 
202203,서울특별시,종로구,주택용,"65,922 ","21,082,506 ","2,530,556,042 ",120 
202203,서울특별시,종로구,합계,"105,378 ","134,597,421 ","15,953,579,011 ",118.5 
202203,서울특별시,중구,가로등,"6,815 ","797,890 ","88,550,644 ",111 
202203,서울특별시,중구,교육용,83 ,"4,272,279 ","403,467,026 ",94.4 
202203,서울특별시,중구,산업용,"5,477 ","19,304,791 ","2,268,371,627 ",117.5 
202203,서울특별시,중구,심 야,289 ,"705,388 ","86,869,587 ",123.2 
202203,서울특별시,중구,일반용,"23,145 ","135,125,725 ","16,377,304,064 ",121.2 
202203,서울특별시,중구,주택용,"43,296 ","16,697,304 ","1,860,178,135 ",111.4 
202203,서울특별시,중구,합계,"79,105 ","176,903,377 ","21,084,741,083 ",119.2 
202203,서울특별시,중랑구,가로등,"10,925 ","923,158 ","100,578,306 ",109 
202203,서울특별시,중랑구,교육용,86 ,"3,200,175 ","339,071,615 ",106 
202203,서울특별시,중랑구,농사용,47 ,"38,844 ","1,911,063 ",49.2 
202203,서울특별시,중랑구,산업용,"2,626 ","6,160,272 ","707,405,863 ",114.8 
202203,서울특별시,중랑구,심 야,358 ,"327,536 ","23,262,850 ",71 
202203,서울특별시,중랑구,일반용,"20,584 ","38,597,918 ","4,946,688,110 ",128.2 
202203,서울특별시,중랑구,주택용,"141,875 ","43,268,700 ","4,548,688,606 ",105.1 
202203,서울특별시,중랑구,합계,"176,501 ","92,516,603 ","10,667,606,413 ",115.3 
202204,서울특별시,강남구,가로등,"12,967 ","1,545,165 ","184,807,977 ",119.6 
202204,서울특별시,강남구,교육용,124 ,"4,224,078 ","409,356,728 ",96.9 
202204,서울특별시,강남구,농사용,180 ,"139,752 ","7,063,591 ",50.5 
202204,서울특별시,강남구,산업용,"1,054 ","22,557,917 ","2,451,799,926 ",108.7 
202204,서울특별시,강남구,심 야,618 ,"2,096,490 ","198,595,073 ",94.7 
202204,서울특별시,강남구,일반용,"52,510 ","243,780,038 ","30,141,722,296 ",123.6 
202204,서울특별시,강남구,주택용,"127,679 ","68,788,678 ","8,234,099,959 ",119.7 
202204,서울특별시,강남구,합계,"195,132 ","343,132,118 ","41,627,445,550 ",121.3 
202204,서울특별시,강동구,가로등,"6,982 ","748,205 ","90,208,209 ",120.6 
202204,서울특별시,강동구,교육용,109 ,"2,817,977 ","281,031,072 ",99.7 
202204,서울특별시,강동구,농사용,277 ,"136,752 ","7,634,890 ",55.8 
202204,서울특별시,강동구,산업용,"1,066 ","13,331,235 ","1,361,090,234 ",102.1 
202204,서울특별시,강동구,심 야,281 ,"300,664 ","21,651,334 ",72 
202204,서울특별시,강동구,일반용,"20,617 ","55,156,091 ","6,686,294,469 ",121.2 
202204,서울특별시,강동구,주택용,"114,414 ","50,458,205 ","5,698,946,641 ",112.9 
202204,서울특별시,강동구,합계,"143,746 ","122,949,129 ","14,146,856,849 ",115.1 
202204,서울특별시,강북구,가로등,"10,283 ","421,907 ","49,896,014 ",118.3 
202204,서울특별시,강북구,교육용,67 ,"2,175,132 ","210,326,250 ",96.7 
202204,서울특별시,강북구,농사용,11 ,"6,564 ","351,473 ",53.5 
202204,서울특별시,강북구,산업용,"1,476 ","4,170,713 ","442,643,524 ",106.1 
202204,서울특별시,강북구,심 야,518 ,"483,960 ","29,355,702 ",60.7 
202204,서울특별시,강북구,일반용,"16,499 ","30,163,857 ","3,650,920,118 ",121 
202204,서울특별시,강북구,주택용,"121,177 ","33,155,970 ","3,559,334,089 ",107.4 
202204,서울특별시,강북구,합계,"150,031 ","70,578,103 ","7,942,827,170 ",112.5 
202204,서울특별시,강서구,가로등,"10,406 ","1,088,244 ","133,288,833 ",122.5 
202204,서울특별시,강서구,교육용,155 ,"4,308,681 ","421,113,227 ",97.7 
202204,서울특별시,강서구,농사용,320 ,"420,099 ","22,305,776 ",53.1 
202204,서울특별시,강서구,산업용,964 ,"26,637,169 ","2,669,890,295 ",100.2 
202204,서울특별시,강서구,심 야,491 ,"940,960 ","75,710,057 ",80.5 
202204,서울특별시,강서구,일반용,"24,226 ","105,794,273 ","12,705,307,178 ",120.1 
202204,서울특별시,강서구,주택용,"176,526 ","65,232,521 ","7,023,108,141 ",107.7 
202204,서울특별시,강서구,합계,"213,088 ","204,421,947 ","23,050,723,507 ",112.8 
202204,서울특별시,관악구,가로등,"13,286 ","832,402 ","95,689,011 ",115 
202204,서울특별시,관악구,교육용,101 ,"17,188,764 ","1,299,715,011 ",75.6 
202204,서울특별시,관악구,농사용,8 ,"10,683 ","547,509 ",51.3 
202204,서울특별시,관악구,산업용,971 ,"3,039,065 ","342,886,047 ",112.8 
202204,서울특별시,관악구,심 야,890 ,"526,500 ","35,122,622 ",66.7 
202204,서울특별시,관악구,일반용,"25,341 ","56,290,887 ","6,572,812,328 ",116.8 
202204,서울특별시,관악구,주택용,"239,768 ","53,550,473 ","5,671,680,524 ",105.9 
202204,서울특별시,관악구,합계,"280,365 ","131,438,774 ","14,018,453,052 ",106.7 
202204,서울특별시,광진구,가로등,"9,916 ","694,002 ","85,778,855 ",123.6 
202204,서울특별시,광진구,교육용,95 ,"5,771,370 ","536,599,029 ",93 
202204,서울특별시,광진구,농사용,13 ,"28,462 ","1,324,585 ",46.5 
202204,서울특별시,광진구,산업용,"1,382 ","27,379,991 ","2,933,823,052 ",107.2 
202204,서울특별시,광진구,심 야,864 ,"590,284 ","43,572,830 ",73.8 
202204,서울특별시,광진구,일반용,"21,385 ","45,274,294 ","5,506,084,730 ",121.6 
202204,서울특별시,광진구,주택용,"148,334 ","37,942,436 ","4,301,873,868 ",113.4 
202204,서울특별시,광진구,합계,"181,989 ","117,680,839 ","13,409,056,949 ",113.9 
202204,서울특별시,구로구,가로등,"10,324 ","795,271 ","99,489,741 ",125.1 
202204,서울특별시,구로구,교육용,97 ,"2,836,332 ","287,240,496 ",101.3 
202204,서울특별시,구로구,농사용,67 ,"48,616 ","2,600,130 ",53.5 
202204,서울특별시,구로구,산업용,"1,688 ","26,728,724 ","2,824,715,059 ",105.7 
202204,서울특별시,구로구,심 야,302 ,"364,067 ","23,570,035 ",64.7 
202204,서울특별시,구로구,일반용,"18,717 ","62,377,742 ","7,739,870,147 ",124.1 
202204,서울특별시,구로구,주택용,"109,698 ","49,065,597 ","5,319,323,552 ",108.4 
202204,서울특별시,구로구,합계,"140,893 ","142,216,349 ","16,296,809,160 ",114.6 
202204,서울특별시,금천구,가로등,"7,131 ","547,261 ","76,075,885 ",139 
202204,서울특별시,금천구,교육용,55 ,"1,434,384 ","143,560,907 ",100.1 
202204,서울특별시,금천구,농사용,4 ,"12,732 ","625,840 ",49.2 
202204,서울특별시,금천구,산업용,"2,161 ","17,615,319 ","2,096,057,123 ",119 
202204,서울특별시,금천구,심 야,200 ,"177,215 ","17,584,636 ",99.2 
202204,서울특별시,금천구,일반용,"13,735 ","75,396,429 ","9,264,959,188 ",122.9 
202204,서울특별시,금천구,주택용,"87,867 ","27,304,395 ","2,922,003,956 ",107 
202204,서울특별시,금천구,합계,"111,153 ","122,487,735 ","14,520,867,535 ",118.5 
202204,서울특별시,노원구,가로등,"7,860 ","996,686 ","119,283,447 ",119.7 
202204,서울특별시,노원구,교육용,172 ,"9,618,121 ","916,173,454 ",95.3 
202204,서울특별시,노원구,농사용,31 ,"25,869 ","1,415,576 ",54.7 
202204,서울특별시,노원구,산업용,886 ,"5,870,530 ","662,109,540 ",112.8 
202204,서울특별시,노원구,심 야,248 ,"489,928 ","30,030,435 ",61.3 
202204,서울특별시,노원구,일반용,"15,325 ","44,643,282 ","5,295,500,991 ",118.6 
202204,서울특별시,노원구,주택용,"87,001 ","55,210,961 ","5,588,561,596 ",101.2 
202204,서울특별시,노원구,합계,"111,523 ","116,855,377 ","12,613,075,039 ",107.9 
202204,서울특별시,도봉구,가로등,"7,346 ","505,191 ","61,829,372 ",122.4 
202204,서울특별시,도봉구,교육용,83 ,"2,770,703 ","273,930,005 ",98.9 
202204,서울특별시,도봉구,농사용,56 ,"21,008 ","1,140,050 ",54.3 
202204,서울특별시,도봉구,산업용,"1,018 ","4,532,455 ","460,353,309 ",101.6 
202204,서울특별시,도봉구,심 야,267 ,"275,740 ","16,562,344 ",60.1 
202204,서울특별시,도봉구,일반용,"12,707 ","25,385,907 ","3,109,048,574 ",122.5 
202204,서울특별시,도봉구,주택용,"82,531 ","34,807,461 ","3,717,303,050 ",106.8 
202204,서울특별시,도봉구,합계,"104,008 ","68,298,465 ","7,640,166,704 ",111.9 
202204,서울특별시,동대문구,가로등,"10,786 ","708,099 ","84,761,004 ",119.7 
202204,서울특별시,동대문구,교육용,95 ,"6,740,774 ","612,058,696 ",90.8 
202204,서울특별시,동대문구,농사용,6 ,"9,349 ","465,866 ",49.8 
202204,서울특별시,동대문구,산업용,"2,849 ","13,215,963 ","1,449,982,060 ",109.7 
202204,서울특별시,동대문구,심 야,395 ,"356,846 ","31,372,756 ",87.9 
202204,서울특별시,동대문구,일반용,"23,672 ","45,286,439 ","5,606,049,619 ",123.8 
202204,서울특별시,동대문구,주택용,"112,230 ","42,407,904 ","4,578,099,991 ",108 
202204,서울특별시,동대문구,합계,"150,033 ","108,725,374 ","12,362,789,992 ",113.7 
202204,서울특별시,동작구,가로등,"10,196 ","605,452 ","72,430,712 ",119.6 
202204,서울특별시,동작구,교육용,82 ,"5,898,103 ","554,294,808 ",94 
202204,서울특별시,동작구,농사용,7 ,"28,187 ","1,411,211 ",50.1 
202204,서울특별시,동작구,산업용,509 ,"4,595,845 ","517,245,628 ",112.5 
202204,서울특별시,동작구,심 야,432 ,"345,529 ","28,612,446 ",82.8 
202204,서울특별시,동작구,일반용,"16,817 ","41,618,761 ","4,936,061,007 ",118.6 
202204,서울특별시,동작구,주택용,"135,889 ","43,803,344 ","4,899,785,149 ",111.9 
202204,서울특별시,동작구,합계,"163,932 ","96,895,221 ","11,009,840,961 ",113.6 
202204,서울특별시,마포구,가로등,"10,516 ","1,005,609 ","123,353,523 ",122.7 
202204,서울특별시,마포구,교육용,89 ,"4,321,252 ","408,293,124 ",94.5 
202204,서울특별시,마포구,농사용,4 ,"5,299 ","259,647 ",49 
202204,서울특별시,마포구,산업용,"1,062 ","13,784,383 ","1,614,626,599 ",117.1 
202204,서울특별시,마포구,심 야,342 ,"930,758 ","87,368,407 ",93.9 
202204,서울특별시,마포구,일반용,"31,097 ","98,217,788 ","11,691,356,123 ",119 
202204,서울특별시,마포구,주택용,"110,136 ","46,782,653 ","5,212,592,088 ",111.4 
202204,서울특별시,마포구,합계,"153,246 ","165,047,742 ","19,137,849,511 ",116 
202204,서울특별시,서대문구,가로등,"10,600 ","586,487 ","69,975,387 ",119.3 
202204,서울특별시,서대문구,교육용,96 ,"12,725,569 ","1,183,354,930 ",93 
202204,서울특별시,서대문구,농사용,4 ,"1,858 ","112,655 ",60.6 
202204,서울특별시,서대문구,산업용,666 ,"2,613,572 ","291,837,079 ",111.7 
202204,서울특별시,서대문구,심 야,595 ,"456,684 ","34,600,768 ",75.8 
202204,서울특별시,서대문구,일반용,"16,145 ","41,645,508 ","5,037,026,867 ",121 
202204,서울특별시,서대문구,주택용,"101,991 ","36,272,628 ","4,062,746,087 ",112 
202204,서울특별시,서대문구,합계,"130,097 ","94,302,306 ","10,679,653,773 ",113.2 
202204,서울특별시,서초구,가로등,"11,048 ","1,706,225 ","206,150,364 ",120.8 
202204,서울특별시,서초구,교육용,104 ,"4,388,841 ","426,608,006 ",97.2 
202204,서울특별시,서초구,농사용,734 ,"549,176 ","29,589,267 ",53.9 
202204,서울특별시,서초구,산업용,836 ,"32,359,237 ","3,581,496,475 ",110.7 
202204,서울특별시,서초구,심 야,475 ,"816,851 ","71,066,878 ",87 
202204,서울특별시,서초구,일반용,"31,419 ","148,441,328 ","17,869,323,327 ",120.4 
202204,서울특별시,서초구,주택용,"85,058 ","51,969,199 ","6,515,009,477 ",125.4 
202204,서울특별시,서초구,합계,"129,674 ","240,230,857 ","28,699,243,794 ",119.5 
202204,서울특별시,성동구,가로등,"7,978 ","794,311 ","95,925,531 ",120.8 
202204,서울특별시,성동구,교육용,71 ,"5,865,251 ","541,205,055 ",92.3 
202204,서울특별시,성동구,농사용,4 ,"8,861 ","453,326 ",51.2 
202204,서울특별시,성동구,산업용,"4,047 ","70,133,558 ","7,434,507,974 ",106 
202204,서울특별시,성동구,심 야,233 ,"218,778 ","15,149,863 ",69.2 
202204,서울특별시,성동구,일반용,"16,930 ","55,438,774 ","6,886,060,909 ",124.2 
202204,서울특별시,성동구,주택용,"67,043 ","35,606,849 ","3,951,284,129 ",111 
202204,서울특별시,성동구,합계,"96,306 ","168,066,382 ","18,924,586,787 ",112.6 
202204,서울특별시,성북구,가로등,"1,515 ","981,867 ","118,985,766 ",121.2 
202204,서울특별시,성북구,교육용,151 ,"12,670,051 ","1,195,908,639 ",94.4 
202204,서울특별시,성북구,농사용,6 ,"2,337 ","124,281 ",53.2 
202204,서울특별시,성북구,산업용,"2,346 ","7,969,561 ","861,625,253 ",108.1 
202204,서울특별시,성북구,심 야,"1,267 ","1,095,591 ","66,558,499 ",60.8 
202204,서울특별시,성북구,일반용,"21,237 ","39,265,505 ","4,795,109,282 ",122.1 
202204,서울특별시,성북구,주택용,"129,210 ","50,932,327 ","5,724,842,721 ",112.4 
202204,서울특별시,성북구,합계,"155,732 ","112,917,239 ","12,763,154,441 ",113 
202204,서울특별시,송파구,가로등,"1,896 ","1,366,039 ","163,683,399 ",119.8 
202204,서울특별시,송파구,교육용,151 ,"5,743,234 ","537,493,310 ",93.6 
202204,서울특별시,송파구,농사용,107 ,"205,893 ","10,822,439 ",52.6 
202204,서울특별시,송파구,산업용,996 ,"17,113,323 ","1,780,159,625 ",104 
202204,서울특별시,송파구,심 야,434 ,"1,526,816 ","135,487,304 ",88.7 
202204,서울특별시,송파구,일반용,"29,678 ","120,750,498 ","14,171,462,478 ",117.4 
202204,서울특별시,송파구,주택용,"147,955 ","76,217,612 ","8,831,539,965 ",115.9 
202204,서울특별시,송파구,합계,"181,217 ","222,923,415 ","25,630,648,520 ",115 
202204,서울특별시,양천구,가로등,"8,073 ","936,757 ","107,711,361 ",115 
202204,서울특별시,양천구,교육용,108 ,"3,285,230 ","316,347,864 ",96.3 
202204,서울특별시,양천구,농사용,19 ,"15,334 ","747,124 ",48.7 
202204,서울특별시,양천구,산업용,978 ,"3,217,567 ","415,476,954 ",129.1 
202204,서울특별시,양천구,심 야,226 ,"372,631 ","28,955,248 ",77.7 
202204,서울특별시,양천구,일반용,"16,955 ","79,722,089 ","8,506,843,240 ",106.7 
202204,서울특별시,양천구,주택용,"102,151 ","52,050,578 ","5,826,584,016 ",111.9 
202204,서울특별시,양천구,합계,"128,510 ","139,600,186 ","15,202,665,807 ",108.9 
202204,서울특별시,영등포구,가로등,"10,263 ","1,144,548 ","138,025,990 ",120.6 
202204,서울특별시,영등포구,교육용,101 ,"2,321,668 ","226,122,571 ",97.4 
202204,서울특별시,영등포구,농사용,2 ,"1,817 ","85,652 ",47.1 
202204,서울특별시,영등포구,산업용,"3,086 ","18,293,006 ","2,052,812,480 ",112.2 
202204,서울특별시,영등포구,심 야,326 ,"4,034,499 ","316,380,417 ",78.4 
202204,서울특별시,영등포구,일반용,"23,830 ","128,349,116 ","15,438,551,149 ",120.3 
202204,서울특별시,영등포구,주택용,"109,098 ","47,595,423 ","5,145,871,691 ",108.1 
202204,서울특별시,영등포구,합계,"146,706 ","201,740,077 ","23,317,849,950 ",115.6 
202204,서울특별시,용산구,가로등,"11,072 ","906,242 ","109,818,088 ",121.2 
202204,서울특별시,용산구,교육용,74 ,"4,073,894 ","393,485,215 ",96.6 
202204,서울특별시,용산구,농사용,1 ,7 ,"302,829 ",43261.3 
202204,서울특별시,용산구,산업용,896 ,"8,549,367 ","915,854,146 ",107.1 
202204,서울특별시,용산구,심 야,316 ,"693,137 ","60,503,819 ",87.3 
202204,서울특별시,용산구,일반용,"17,466 ","61,931,280 ","7,453,394,281 ",120.3 
202204,서울특별시,용산구,주택용,"79,300 ","31,720,496 ","3,873,179,948 ",122.1 
202204,서울특별시,용산구,합계,"109,125 ","107,874,423 ","12,806,538,326 ",118.7 
202204,서울특별시,은평구,가로등,"11,319 ","584,494 ","68,172,982 ",116.6 
202204,서울특별시,은평구,교육용,126 ,"3,296,713 ","319,262,293 ",96.8 
202204,서울특별시,은평구,농사용,59 ,"23,062 ","1,278,392 ",55.4 
202204,서울특별시,은평구,산업용,785 ,"15,248,251 ","1,617,196,764 ",106.1 
202204,서울특별시,은평구,심 야,510 ,"657,670 ","46,489,351 ",70.7 
202204,서울특별시,은평구,일반용,"21,053 ","40,508,588 ","4,907,664,232 ",121.2 
202204,서울특별시,은평구,주택용,"161,994 ","54,099,837 ","6,104,080,627 ",112.8 
202204,서울특별시,은평구,합계,"195,846 ","114,418,615 ","13,064,144,641 ",114.2 
202204,서울특별시,종로구,가로등,"10,312 ","689,774 ","85,898,580 ",124.5 
202204,서울특별시,종로구,교육용,133 ,"7,525,722 ","691,888,005 ",91.9 
202204,서울특별시,종로구,농사용,13 ,"3,607 ","196,218 ",54.4 
202204,서울특별시,종로구,산업용,"3,224 ","6,277,347 ","657,942,347 ",104.8 
202204,서울특별시,종로구,심 야,"1,224 ","2,181,634 ","197,787,326 ",90.7 
202204,서울특별시,종로구,일반용,"24,523 ","87,398,244 ","10,768,600,253 ",123.2 
202204,서울특별시,종로구,주택용,"65,894 ","19,922,174 ","2,393,391,415 ",120.1 
202204,서울특별시,종로구,합계,"105,323 ","123,998,502 ","14,795,704,144 ",119.3 
202204,서울특별시,중구,가로등,"6,727 ","803,149 ","93,525,046 ",116.4 
202204,서울특별시,중구,교육용,83 ,"3,335,748 ","336,673,763 ",100.9 
202204,서울특별시,중구,산업용,"5,447 ","17,781,351 ","2,046,946,479 ",115.1 
202204,서울특별시,중구,심 야,286 ,"1,774,929 ","185,777,670 ",104.7 
202204,서울특별시,중구,일반용,"23,119 ","123,539,350 ","15,428,757,727 ",124.9 
202204,서울특별시,중구,주택용,"43,394 ","15,391,736 ","1,704,698,587 ",110.8 
202204,서울특별시,중구,합계,"79,056 ","162,626,263 ","19,796,379,272 ",121.7 
202204,서울특별시,중랑구,가로등,"10,969 ","856,761 ","101,751,326 ",118.8 
202204,서울특별시,중랑구,교육용,86 ,"2,662,698 ","260,730,097 ",97.9 
202204,서울특별시,중랑구,농사용,46 ,"33,205 ","1,747,441 ",52.6 
202204,서울특별시,중랑구,산업용,"2,622 ","5,581,475 ","619,144,298 ",110.9 
202204,서울특별시,중랑구,심 야,356 ,"282,244 ","17,611,623 ",62.4 
202204,서울특별시,중랑구,일반용,"20,601 ","35,232,083 ","4,291,716,303 ",121.8 
202204,서울특별시,중랑구,주택용,"142,064 ","42,904,632 ","4,619,691,808 ",107.7 
202204,서울특별시,중랑구,합계,"176,744 ","87,553,098 ","9,912,392,896 ",113.2 
202205,서울특별시,강남구,가로등,"12,973 ","1,392,279 ","177,373,174 ",127.4 
202205,서울특별시,강남구,교육용,122 ,"2,837,068 ","283,855,256 ",100.1 
202205,서울특별시,강남구,농사용,181 ,"117,309 ","6,690,430 ",57 
202205,서울특별시,강남구,산업용,"1,060 ","19,573,039 ","2,255,485,814 ",115.2 
202205,서울특별시,강남구,심 야,613 ,"3,875,144 ","362,310,886 ",93.5 
202205,서울특별시,강남구,일반용,"52,597 ","236,192,155 ","30,160,818,883 ",127.7 
202205,서울특별시,강남구,주택용,"127,422 ","72,057,558 ","8,789,790,540 ",122 
202205,서울특별시,강남구,합계,"194,968 ","336,044,552 ","42,036,324,983 ",125.1 
202205,서울특별시,강동구,가로등,"7,374 ","671,601 ","88,201,544 ",131.3 
202205,서울특별시,강동구,교육용,109 ,"1,802,749 ","189,283,824 ",105 
202205,서울특별시,강동구,농사용,278 ,"102,191 ","6,548,216 ",64.1 
202205,서울특별시,강동구,산업용,"1,070 ","13,777,662 ","1,416,978,644 ",102.8 
202205,서울특별시,강동구,심 야,280 ,"494,666 ","38,560,168 ",78 
202205,서울특별시,강동구,일반용,"20,669 ","52,337,511 ","6,618,700,376 ",126.5 
202205,서울특별시,강동구,주택용,"114,545 ","47,461,410 ","5,258,714,449 ",110.8 
202205,서울특별시,강동구,합계,"144,325 ","116,647,790 ","13,616,987,221 ",116.7 
202205,서울특별시,강북구,가로등,"10,301 ","383,932 ","49,472,835 ",128.9 
202205,서울특별시,강북구,교육용,67 ,"1,481,621 ","154,263,233 ",104.1 
202205,서울특별시,강북구,농사용,11 ,"4,348 ","276,733 ",63.6 
202205,서울특별시,강북구,산업용,"1,482 ","3,947,214 ","442,312,570 ",112.1 
202205,서울특별시,강북구,심 야,513 ,"278,409 ","18,639,809 ",67 
202205,서울특별시,강북구,일반용,"16,533 ","28,638,227 ","3,645,369,242 ",127.3 
202205,서울특별시,강북구,주택용,"121,182 ","29,846,287 ","3,133,112,566 ",105 
202205,서울특별시,강북구,합계,"150,089 ","64,580,038 ","7,443,446,988 ",115.3 
202205,서울특별시,강서구,가로등,"10,398 ","982,871 ","129,102,949 ",131.4 
202205,서울특별시,강서구,교육용,155 ,"2,865,850 ","294,337,049 ",102.7 
202205,서울특별시,강서구,농사용,319 ,"461,194 ","24,969,685 ",54.1 
202205,서울특별시,강서구,산업용,970 ,"26,592,343 ","2,705,075,624 ",101.7 
202205,서울특별시,강서구,심 야,485 ,"774,917 ","64,338,651 ",83 
202205,서울특별시,강서구,일반용,"24,241 ","109,805,300 ","13,290,344,563 ",121 
202205,서울특별시,강서구,주택용,"176,262 ","61,741,520 ","6,648,056,287 ",107.7 
202205,서울특별시,강서구,합계,"212,830 ","203,223,995 ","23,156,224,808 ",113.9 
202205,서울특별시,관악구,가로등,"13,319 ","793,258 ","98,059,915 ",123.6 
202205,서울특별시,관악구,교육용,101 ,"13,737,248 ","1,092,343,852 ",79.5 
202205,서울특별시,관악구,농사용,8 ,"17,184 ","900,411 ",52.4 
202205,서울특별시,관악구,산업용,968 ,"2,868,667 ","349,189,947 ",121.7 
202205,서울특별시,관악구,심 야,887 ,"359,520 ","25,088,152 ",69.8 
202205,서울특별시,관악구,일반용,"25,347 ","54,112,183 ","6,586,640,803 ",121.7 
202205,서울특별시,관악구,주택용,"239,791 ","48,561,935 ","5,082,711,332 ",104.7 
202205,서울특별시,관악구,합계,"280,421 ","120,449,995 ","13,234,934,412 ",109.9 
202205,서울특별시,광진구,가로등,"9,931 ","656,488 ","86,337,034 ",131.5 
202205,서울특별시,광진구,교육용,96 ,"5,614,372 ","505,865,048 ",90.1 
202205,서울특별시,광진구,농사용,13 ,"24,823 ","1,295,985 ",52.2 
202205,서울특별시,광진구,산업용,"1,382 ","26,761,238 ","2,973,952,648 ",111.1 
202205,서울특별시,광진구,심 야,861 ,"971,762 ","62,690,005 ",64.5 
202205,서울특별시,광진구,일반용,"21,422 ","44,492,372 ","5,579,261,451 ",125.4 
202205,서울특별시,광진구,주택용,"148,341 ","35,467,071 ","3,998,559,392 ",112.7 
202205,서울특별시,광진구,합계,"182,046 ","113,988,126 ","13,207,961,563 ",115.9 
202205,서울특별시,구로구,가로등,"10,361 ","769,289 ","101,118,928 ",131.4 
202205,서울특별시,구로구,교육용,97 ,"2,015,065 ","211,953,745 ",105.2 
202205,서울특별시,구로구,농사용,68 ,"49,844 ","2,803,293 ",56.2 
202205,서울특별시,구로구,산업용,"1,679 ","25,581,752 ","2,818,437,717 ",110.2 
202205,서울특별시,구로구,심 야,302 ,"705,392 ","66,657,511 ",94.5 
202205,서울특별시,구로구,일반용,"18,749 ","62,069,895 ","7,870,461,396 ",126.8 
202205,서울특별시,구로구,주택용,"109,665 ","44,841,086 ","4,802,895,461 ",107.1 
202205,서울특별시,구로구,합계,"140,921 ","136,032,323 ","15,874,328,051 ",116.7 
202205,서울특별시,금천구,가로등,"7,144 ","523,246 ","76,953,395 ",147.1 
202205,서울특별시,금천구,교육용,55 ,"860,598 ","89,612,221 ",104.1 
202205,서울특별시,금천구,농사용,4 ,"11,202 ","575,394 ",51.4 
202205,서울특별시,금천구,산업용,"2,164 ","16,771,675 ","2,060,335,240 ",122.8 
202205,서울특별시,금천구,심 야,199 ,"194,462 ","16,249,270 ",83.6 
202205,서울특별시,금천구,일반용,"13,743 ","77,120,324 ","9,510,625,896 ",123.3 
202205,서울특별시,금천구,주택용,"87,826 ","25,035,141 ","2,642,093,226 ",105.5 
202205,서울특별시,금천구,합계,"111,135 ","120,516,648 ","14,396,444,642 ",119.5 
202205,서울특별시,노원구,가로등,"7,857 ","941,897 ","119,372,117 ",126.7 
202205,서울특별시,노원구,교육용,172 ,"7,136,455 ","724,593,538 ",101.5 
202205,서울특별시,노원구,농사용,31 ,"21,765 ","1,342,478 ",61.7 
202205,서울특별시,노원구,산업용,882 ,"5,503,905 ","646,237,297 ",117.4 
202205,서울특별시,노원구,심 야,245 ,"357,431 ","30,152,570 ",84.4 
202205,서울특별시,노원구,일반용,"15,353 ","43,347,976 ","5,335,347,697 ",123.1 
202205,서울특별시,노원구,주택용,"86,953 ","49,810,777 ","4,904,344,317 ",98.5 
202205,서울특별시,노원구,합계,"111,493 ","107,120,206 ","11,761,390,014 ",109.8 
202205,서울특별시,도봉구,가로등,"7,352 ","475,684 ","62,440,115 ",131.3 
202205,서울특별시,도봉구,교육용,83 ,"1,734,849 ","188,372,440 ",108.6 
202205,서울특별시,도봉구,농사용,56 ,"19,135 ","1,159,783 ",60.6 
202205,서울특별시,도봉구,산업용,"1,012 ","4,313,541 ","458,935,625 ",106.4 
202205,서울특별시,도봉구,심 야,265 ,"163,385 ","12,297,196 ",75.3 
202205,서울특별시,도봉구,일반용,"12,704 ","24,022,399 ","3,101,518,411 ",129.1 
202205,서울특별시,도봉구,주택용,"82,579 ","31,538,489 ","3,283,102,897 ",104.1 
202205,서울특별시,도봉구,합계,"104,051 ","62,267,482 ","7,107,826,467 ",114.1 
202205,서울특별시,동대문구,가로등,"10,787 ","655,387 ","84,991,585 ",129.7 
202205,서울특별시,동대문구,교육용,95 ,"5,710,590 ","534,749,357 ",93.6 
202205,서울특별시,동대문구,농사용,6 ,"7,516 ","417,454 ",55.5 
202205,서울특별시,동대문구,산업용,"2,855 ","12,428,176 ","1,446,967,142 ",116.4 
202205,서울특별시,동대문구,심 야,394 ,"468,582 ","39,574,714 ",84.5 
202205,서울특별시,동대문구,일반용,"23,673 ","42,256,714 ","5,536,239,327 ",131 
202205,서울특별시,동대문구,주택용,"112,319 ","39,180,986 ","4,116,823,503 ",105.1 
202205,서울특별시,동대문구,합계,"150,129 ","100,707,951 ","11,759,763,082 ",116.8 
202205,서울특별시,동작구,가로등,"10,181 ","547,452 ","70,134,781 ",128.1 
202205,서울특별시,동작구,교육용,82 ,"4,885,925 ","470,236,663 ",96.2 
202205,서울특별시,동작구,농사용,7 ,"29,766 ","1,571,883 ",52.8 
202205,서울특별시,동작구,산업용,507 ,"4,807,986 ","546,234,195 ",113.6 
202205,서울특별시,동작구,심 야,430 ,"341,724 ","34,994,188 ",102.4 
202205,서울특별시,동작구,일반용,"16,872 ","40,662,878 ","4,978,818,148 ",122.4 
202205,서울특별시,동작구,주택용,"135,748 ","39,745,669 ","4,371,275,035 ",110 
202205,서울특별시,동작구,합계,"163,827 ","91,021,400 ","10,473,264,893 ",115.1 
202205,서울특별시,마포구,가로등,"10,512 ","923,468 ","121,705,382 ",131.8 
202205,서울특별시,마포구,교육용,89 ,"3,808,768 ","360,807,524 ",94.7 
202205,서울특별시,마포구,농사용,4 ,"6,396 ","327,878 ",51.3 
202205,서울특별시,마포구,산업용,"1,073 ","16,094,976 ","1,867,314,771 ",116 
202205,서울특별시,마포구,심 야,342 ,"923,996 ","81,601,890 ",88.3 
202205,서울특별시,마포구,일반용,"31,251 ","97,586,940 ","11,854,294,115 ",121.5 
202205,서울특별시,마포구,주택용,"110,012 ","44,873,012 ","5,005,117,102 ",111.5 
202205,서울특별시,마포구,합계,"153,283 ","164,217,556 ","19,291,168,662 ",117.5 
202205,서울특별시,서대문구,가로등,"10,604 ","533,183 ","68,508,342 ",128.5 
202205,서울특별시,서대문구,교육용,97 ,"12,978,354 ","1,190,896,233 ",91.8 
202205,서울특별시,서대문구,농사용,4 ,"1,931 ","122,033 ",63.2 
202205,서울특별시,서대문구,산업용,668 ,"2,554,509 ","292,635,961 ",114.6 
202205,서울특별시,서대문구,심 야,591 ,"419,355 ","41,071,856 ",97.9 
202205,서울특별시,서대문구,일반용,"16,149 ","41,084,239 ","5,086,135,847 ",123.8 
202205,서울특별시,서대문구,주택용,"101,924 ","33,775,671 ","3,720,206,674 ",110.1 
202205,서울특별시,서대문구,합계,"130,037 ","91,347,242 ","10,399,576,946 ",113.8 
202205,서울특별시,서초구,가로등,"11,028 ","1,555,433 ","199,822,756 ",128.5 
202205,서울특별시,서초구,교육용,104 ,"3,020,625 ","321,472,884 ",106.4 
202205,서울특별시,서초구,농사용,740 ,"411,586 ","25,283,373 ",61.4 
202205,서울특별시,서초구,산업용,835 ,"31,668,626 ","3,644,751,856 ",115.1 
202205,서울특별시,서초구,심 야,470 ,"1,532,621 ","133,262,022 ",87 
202205,서울특별시,서초구,일반용,"31,483 ","141,523,908 ","17,730,753,801 ",125.3 
202205,서울특별시,서초구,주택용,"84,782 ","53,959,658 ","6,890,749,767 ",127.7 
202205,서울특별시,서초구,합계,"129,442 ","233,672,457 ","28,946,096,459 ",123.9 
202205,서울특별시,성동구,가로등,"7,979 ","748,409 ","97,009,625 ",129.6 
202205,서울특별시,성동구,교육용,70 ,"5,517,137 ","502,866,738 ",91.1 
202205,서울특별시,성동구,농사용,4 ,"7,928 ","438,287 ",55.3 
202205,서울특별시,성동구,산업용,"4,025 ","66,165,275 ","7,469,566,000 ",112.9 
202205,서울특별시,성동구,심 야,232 ,"154,543 ","12,769,057 ",82.6 
202205,서울특별시,성동구,일반용,"16,931 ","54,108,848 ","6,926,058,405 ",128 
202205,서울특별시,성동구,주택용,"66,972 ","32,854,236 ","3,626,929,260 ",110.4 
202205,서울특별시,성동구,합계,"96,213 ","159,556,376 ","18,635,637,372 ",116.8 
202205,서울특별시,성북구,가로등,"1,491 ","903,826 ","118,313,582 ",130.9 
202205,서울특별시,성북구,교육용,151 ,"11,728,203 ","1,130,289,118 ",96.4 
202205,서울특별시,성북구,농사용,6 ,"2,514 ","143,556 ",57.1 
202205,서울특별시,성북구,산업용,"2,349 ","8,117,919 ","900,573,778 ",110.9 
202205,서울특별시,성북구,심 야,"1,263 ","750,761 ","51,013,364 ",67.9 
202205,서울특별시,성북구,일반용,"21,251 ","37,187,734 ","4,770,818,634 ",128.3 
202205,서울특별시,성북구,주택용,"129,118 ","45,989,640 ","5,097,311,260 ",110.8 
202205,서울특별시,성북구,합계,"155,629 ","104,680,597 ","12,068,463,292 ",115.3 
202205,서울특별시,송파구,가로등,"1,959 ","1,240,532 ","159,169,244 ",128.3 
202205,서울특별시,송파구,교육용,150 ,"3,899,417 ","376,593,186 ",96.6 
202205,서울특별시,송파구,농사용,108 ,"210,244 ","11,436,989 ",54.4 
202205,서울특별시,송파구,산업용,994 ,"17,382,059 ","1,847,307,401 ",106.3 
202205,서울특별시,송파구,심 야,433 ,"2,880,999 ","213,401,708 ",74.1 
202205,서울특별시,송파구,일반용,"29,709 ","133,911,913 ","15,568,202,276 ",116.3 
202205,서울특별시,송파구,주택용,"147,999 ","76,205,112 ","8,327,490,591 ",109.3 
202205,서울특별시,송파구,합계,"181,352 ","235,730,276 ","26,503,601,395 ",112.4 
202205,서울특별시,양천구,가로등,"8,069 ","846,818 ","104,237,355 ",123.1 
202205,서울특별시,양천구,교육용,108 ,"2,063,408 ","209,520,336 ",101.5 
202205,서울특별시,양천구,농사용,19 ,"13,807 ","732,648 ",53.1 
202205,서울특별시,양천구,산업용,985 ,"2,983,237 ","413,762,323 ",138.7 
202205,서울특별시,양천구,심 야,223 ,"415,067 ","32,471,040 ",78.2 
202205,서울특별시,양천구,일반용,"16,956 ","77,946,630 ","8,551,436,100 ",109.7 
202205,서울특별시,양천구,주택용,"102,079 ","48,175,069 ","5,328,448,574 ",110.6 
202205,서울특별시,양천구,합계,"128,439 ","132,444,036 ","14,640,608,376 ",110.5 
202205,서울특별시,영등포구,가로등,"10,281 ","1,043,712 ","135,128,845 ",129.5 
202205,서울특별시,영등포구,교육용,101 ,"1,467,873 ","150,605,022 ",102.6 
202205,서울특별시,영등포구,농사용,2 ,"2,021 ","107,168 ",53 
202205,서울특별시,영등포구,산업용,"3,076 ","17,923,342 ","2,064,313,923 ",115.2 
202205,서울특별시,영등포구,심 야,324 ,"6,461,050 ","491,508,625 ",76.1 
202205,서울특별시,영등포구,일반용,"23,822 ","130,261,795 ","15,860,706,773 ",121.8 
202205,서울특별시,영등포구,주택용,"109,156 ","48,113,509 ","5,323,890,606 ",110.7 
202205,서울특별시,영등포구,합계,"146,762 ","205,273,302 ","24,026,260,962 ",117 
202205,서울특별시,용산구,가로등,"11,061 ","819,029 ","107,056,992 ",130.7 
202205,서울특별시,용산구,교육용,74 ,"3,473,431 ","345,734,448 ",99.5 
202205,서울특별시,용산구,농사용,1 ,"23,539 ","1,167,234 ",49.6 
202205,서울특별시,용산구,산업용,899 ,"8,081,454 ","938,991,396 ",116.2 
202205,서울특별시,용산구,심 야,312 ,"1,044,798 ","90,209,692 ",86.3 
202205,서울특별시,용산구,일반용,"17,536 ","62,605,922 ","7,683,274,392 ",122.7 
202205,서울특별시,용산구,주택용,"79,235 ","31,677,280 ","3,888,121,642 ",122.7 
202205,서울특별시,용산구,합계,"109,118 ","107,725,453 ","13,054,555,796 ",121.2 
202205,서울특별시,은평구,가로등,"11,141 ","528,127 ","66,667,498 ",126.2 
202205,서울특별시,은평구,교육용,126 ,"2,066,228 ","215,579,699 ",104.3 
202205,서울특별시,은평구,농사용,59 ,"21,902 ","1,307,140 ",59.7 
202205,서울특별시,은평구,산업용,781 ,"14,865,580 ","1,631,952,401 ",109.8 
202205,서울특별시,은평구,심 야,508 ,"576,520 ","43,529,579 ",75.5 
202205,서울특별시,은평구,일반용,"21,116 ","38,178,400 ","4,886,447,239 ",128 
202205,서울특별시,은평구,주택용,"161,815 ","49,523,235 ","5,493,257,920 ",110.9 
202205,서울특별시,은평구,합계,"195,546 ","105,759,992 ","12,338,741,476 ",116.7 
202205,서울특별시,종로구,가로등,"10,306 ","600,010 ","81,298,606 ",135.5 
202205,서울특별시,종로구,교육용,133 ,"6,594,830 ","634,897,026 ",96.3 
202205,서울특별시,종로구,농사용,13 ,"1,876 ","135,453 ",72.2 
202205,서울특별시,종로구,산업용,"3,217 ","5,650,865 ","637,955,266 ",112.9 
202205,서울특별시,종로구,심 야,"1,223 ","3,385,315 ","290,541,578 ",85.8 
202205,서울특별시,종로구,일반용,"24,562 ","87,152,665 ","10,972,688,675 ",125.9 
202205,서울특별시,종로구,주택용,"65,888 ","19,122,306 ","2,269,187,826 ",118.7 
202205,서울특별시,종로구,합계,"105,342 ","122,507,867 ","14,886,704,430 ",121.5 
202205,서울특별시,중구,가로등,"6,729 ","740,198 ","91,301,333 ",123.3 
202205,서울특별시,중구,교육용,83 ,"2,913,446 ","303,889,272 ",104.3 
202205,서울특별시,중구,산업용,"5,430 ","16,745,681 ","2,035,492,279 ",121.6 
202205,서울특별시,중구,심 야,286 ,"4,285,244 ","370,820,054 ",86.5 
202205,서울특별시,중구,일반용,"23,058 ","127,183,571 ","15,975,914,604 ",125.6 
202205,서울특별시,중구,주택용,"43,410 ","16,291,472 ","1,847,556,062 ",113.4 
202205,서울특별시,중구,합계,"78,996 ","168,159,612 ","20,624,973,604 ",122.7 
202205,서울특별시,중랑구,가로등,"11,048 ","808,490 ","101,418,345 ",125.4 
202205,서울특별시,중랑구,교육용,86 ,"1,575,183 ","164,784,510 ",104.6 
202205,서울특별시,중랑구,농사용,47 ,"27,289 ","1,594,879 ",58.4 
202205,서울특별시,중랑구,산업용,"2,623 ","4,960,933 ","594,748,585 ",119.9 
202205,서울특별시,중랑구,심 야,355 ,"265,625 ","18,031,733 ",67.9 
202205,서울특별시,중랑구,일반용,"20,607 ","33,142,284 ","4,251,604,123 ",128.3 
202205,서울특별시,중랑구,주택용,"142,088 ","39,828,077 ","4,243,795,819 ",106.6 
202205,서울특별시,중랑구,합계,"176,854 ","80,607,881 ","9,375,977,994 ",116.3 
