계약종별 전력사용량 월별( 20220804 현재 ),,,,,,,
"시도 : 충청남도, 시군구 : 전체(시 / 군 / 구)",,,,,,,
기간 : 2012년 07 월 ~ 2012년 12월,,,,,,,
년월,시구,시군구,계약구분,고객호수(호),사용량(kWh),전기요금(원),평균판매단가(원/kWh)
201207,충청남도,전체(시 / 군 / 구),주택용,"675,244 ","203,369,682 ","21,650,915,348 ",106.5 
201207,충청남도,전체(시 / 군 / 구),일반용,"143,751 ","315,071,495 ","37,365,210,883 ",118.6 
201207,충청남도,전체(시 / 군 / 구),교육용,"1,696 ","31,292,283 ","3,818,994,064 ",122.0 
201207,충청남도,전체(시 / 군 / 구),산업용,"18,545 ","2,946,596,432 ","285,294,270,366 ",96.8 
201207,충청남도,전체(시 / 군 / 구),농사용,"152,062 ","104,715,490 ","4,529,931,177 ",43.3 
201207,충청남도,전체(시 / 군 / 구),가로등,"115,510 ","11,302,359 ","1,234,652,004 ",109.2 
201207,충청남도,전체(시 / 군 / 구),심 야,"104,427 ","42,329,527 ","2,053,902,155 ",48.5 
201208,충청남도,전체(시 / 군 / 구),주택용,"677,496 ","249,710,203 ","33,436,989,312 ",133.9 
201208,충청남도,전체(시 / 군 / 구),일반용,"144,645 ","377,778,193 ","50,112,183,965 ",132.6 
201208,충청남도,전체(시 / 군 / 구),교육용,"1,701 ","33,430,485 ","4,437,570,288 ",132.7 
201208,충청남도,전체(시 / 군 / 구),산업용,"18,585 ","2,855,009,092 ","296,216,135,462 ",103.8 
201208,충청남도,전체(시 / 군 / 구),농사용,"153,539 ","141,485,502 ","5,898,530,834 ",41.7 
201208,충청남도,전체(시 / 군 / 구),가로등,"116,278 ","12,078,577 ","1,270,624,944 ",105.2 
201208,충청남도,전체(시 / 군 / 구),심 야,"104,318 ","36,612,487 ","1,845,504,725 ",50.4 
201209,충청남도,전체(시 / 군 / 구),주택용,"680,502 ","227,888,541 ","27,664,285,707 ",121.4 
201209,충청남도,전체(시 / 군 / 구),일반용,"145,441 ","325,475,818 ","40,601,402,153 ",124.7 
201209,충청남도,전체(시 / 군 / 구),교육용,"1,704 ","31,305,696 ","3,675,944,100 ",117.4 
201209,충청남도,전체(시 / 군 / 구),산업용,"18,632 ","2,813,469,017 ","235,789,931,195 ",83.8 
201209,충청남도,전체(시 / 군 / 구),농사용,"155,010 ","124,365,029 ","5,650,962,473 ",45.4 
201209,충청남도,전체(시 / 군 / 구),가로등,"116,504 ","12,684,807 ","1,324,379,487 ",104.4 
201209,충청남도,전체(시 / 군 / 구),심 야,"104,277 ","42,402,460 ","2,172,997,503 ",51.2 
201210,충청남도,전체(시 / 군 / 구),주택용,"649,583 ","190,850,673 ","20,516,509,839 ",107.5 
201210,충청남도,전체(시 / 군 / 구),일반용,"138,916 ","267,307,049 ","30,419,019,425 ",113.8 
201210,충청남도,전체(시 / 군 / 구),교육용,"1,635 ","25,391,235 ","2,865,859,524 ",112.9 
201210,충청남도,전체(시 / 군 / 구),산업용,"17,582 ","2,670,325,673 ","219,737,417,307 ",82.3 
201210,충청남도,전체(시 / 군 / 구),농사용,"148,653 ","90,597,114 ","4,376,850,524 ",48.3 
201210,충청남도,전체(시 / 군 / 구),가로등,"111,264 ","13,074,584 ","1,270,246,728 ",97.2 
201210,충청남도,전체(시 / 군 / 구),심 야,"96,574 ","74,938,187 ","3,755,723,376 ",50.1 
201211,충청남도,전체(시 / 군 / 구),주택용,"651,402 ","206,148,696 ","23,912,195,753 ",116.0 
201211,충청남도,전체(시 / 군 / 구),일반용,"139,581 ","299,002,648 ","35,153,832,261 ",117.6 
201211,충청남도,전체(시 / 군 / 구),교육용,"1,634 ","35,503,266 ","4,061,062,399 ",114.4 
201211,충청남도,전체(시 / 군 / 구),산업용,"17,639 ","2,701,278,085 ","278,560,295,378 ",103.1 
201211,충청남도,전체(시 / 군 / 구),농사용,"254,729 ","199,084,203 ","6,978,238,192 ",35.1 
201211,충청남도,전체(시 / 군 / 구),가로등,"111,476 ","14,211,288 ","1,338,183,547 ",94.2 
201211,충청남도,전체(시 / 군 / 구),심 야,"96,628 ","156,355,264 ","9,090,151,313 ",58.1 
201212,충청남도,전체(시 / 군 / 구),주택용,"653,679 ","215,914,568 ","26,430,621,433 ",122.4 
201212,충청남도,전체(시 / 군 / 구),일반용,"140,355 ","355,821,544 ","44,396,069,366 ",124.8 
201212,충청남도,전체(시 / 군 / 구),교육용,"1,636 ","51,153,553 ","5,490,920,944 ",107.3 
201212,충청남도,전체(시 / 군 / 구),산업용,"17,721 ","2,843,795,578 ","283,702,604,179 ",99.8 
201212,충청남도,전체(시 / 군 / 구),농사용,"149,481 ","141,334,398 ","6,327,800,020 ",44.8 
201212,충청남도,전체(시 / 군 / 구),가로등,"111,682 ","14,849,217 ","1,350,483,829 ",90.9 
201212,충청남도,전체(시 / 군 / 구),심 야,"96,615 ","252,062,378 ","17,187,972,070 ",68.2 
합계,합계,합계,합계,"7,258,332","21,757,372,376","2,092,967,375,552",96.2
,,,,,,,
년월,시구,시군구,계약구분,고객호수(호),사용량(kWh),전기요금(원),평균판매단가(원/kWh)
201207,충청남도,계룡시,가로등,805 ,"135,387 ","16,006,936 ",118.2 
201207,충청남도,계룡시,교육용,30 ,"303,392 ","47,643,486 ",157 
201207,충청남도,계룡시,농사용,375 ,"138,569 ","6,837,853 ",49.3 
201207,충청남도,계룡시,산업용,88 ,"4,160,182 ","413,316,859 ",99.4 
201207,충청남도,계룡시,심 야,369 ,"574,256 ","29,324,283 ",51.1 
201207,충청남도,계룡시,일반용,"1,482 ","9,131,803 ","1,093,785,202 ",119.8 
201207,충청남도,계룡시,주택용,"3,101 ","4,198,092 ","448,351,115 ",106.8 
201207,충청남도,계룡시,합계,"6,250 ","18,641,681 ","2,055,265,734 ",110.3 
201207,충청남도,공주시,가로등,"6,895 ","1,208,126 ","128,702,763 ",106.5 
201207,충청남도,공주시,교육용,117 ,"2,573,538 ","283,023,162 ",110 
201207,충청남도,공주시,농사용,"11,673 ","6,705,029 ","295,517,262 ",44.1 
201207,충청남도,공주시,산업용,"1,142 ","33,471,579 ","3,579,827,284 ",107 
201207,충청남도,공주시,심 야,"8,638 ","3,547,276 ","172,737,390 ",48.7 
201207,충청남도,공주시,일반용,"9,185 ","18,871,434 ","2,240,429,777 ",118.7 
201207,충청남도,공주시,주택용,"46,520 ","11,393,947 ","1,228,716,323 ",107.8 
201207,충청남도,공주시,합계,"84,170 ","77,770,929 ","7,928,953,961 ",102 
201207,충청남도,금산군,가로등,"3,087 ","689,705 ","71,908,692 ",104.3 
201207,충청남도,금산군,교육용,59 ,"753,179 ","95,695,870 ",127.1 
201207,충청남도,금산군,농사용,"7,527 ","2,202,848 ","112,970,260 ",51.3 
201207,충청남도,금산군,산업용,"1,272 ","49,472,742 ","5,045,094,890 ",102 
201207,충청남도,금산군,심 야,"3,652 ","1,334,821 ","62,480,354 ",46.8 
201207,충청남도,금산군,일반용,"4,679 ","7,451,533 ","937,607,164 ",125.8 
201207,충청남도,금산군,주택용,"24,621 ","4,832,099 ","502,868,904 ",104.1 
201207,충청남도,금산군,합계,"44,897 ","66,736,927 ","6,828,626,134 ",102.3 
201207,충청남도,논산시,가로등,"5,258 ","626,323 ","69,202,162 ",110.5 
201207,충청남도,논산시,교육용,121 ,"1,814,363 ","220,609,567 ",121.6 
201207,충청남도,논산시,농사용,"13,923 ","10,444,581 ","461,068,758 ",44.1 
201207,충청남도,논산시,산업용,"1,345 ","41,027,974 ","4,637,806,659 ",113 
201207,충청남도,논산시,심 야,"7,478 ","2,497,928 ","112,012,846 ",44.8 
201207,충청남도,논산시,일반용,"9,039 ","17,556,332 ","2,014,882,777 ",114.8 
201207,충청남도,논산시,주택용,"50,696 ","11,220,506 ","1,169,047,890 ",104.2 
201207,충청남도,논산시,합계,"87,860 ","85,188,007 ","8,684,630,659 ",101.9 
201207,충청남도,당진시,가로등,"8,018 ","541,327 ","62,410,143 ",115.3 
201207,충청남도,당진시,교육용,117 ,"1,247,184 ","171,265,838 ",137.3 
201207,충청남도,당진시,농사용,"11,982 ","10,293,203 ","406,635,503 ",39.5 
201207,충청남도,당진시,산업용,"1,302 ","807,326,122 ","75,342,879,861 ",93.3 
201207,충청남도,당진시,심 야,"7,637 ","3,436,163 ","165,097,860 ",48 
201207,충청남도,당진시,일반용,"11,666 ","22,458,886 ","2,719,556,066 ",121.1 
201207,충청남도,당진시,주택용,"59,357 ","16,428,595 ","1,774,751,836 ",108 
201207,충청남도,당진시,합계,"100,079 ","861,731,480 ","80,642,597,107 ",93.6 
201207,충청남도,보령시,가로등,"5,841 ","819,868 ","90,200,537 ",110 
201207,충청남도,보령시,교육용,106 ,"871,976 ","110,575,998 ",126.8 
201207,충청남도,보령시,농사용,"8,046 ","7,917,688 ","336,026,804 ",42.4 
201207,충청남도,보령시,산업용,"1,136 ","27,274,952 ","3,488,583,350 ",127.9 
201207,충청남도,보령시,심 야,"7,457 ","4,270,773 ","220,400,573 ",51.6 
201207,충청남도,보령시,일반용,"9,405 ","17,526,474 ","2,066,741,988 ",117.9 
201207,충청남도,보령시,주택용,"38,615 ","9,731,827 ","1,040,792,348 ",106.9 
201207,충청남도,보령시,합계,"70,606 ","68,413,558 ","7,353,321,598 ",107.5 
201207,충청남도,부여군,가로등,"7,116 ","640,730 ","71,623,821 ",111.8 
201207,충청남도,부여군,교육용,67 ,"866,372 ","117,854,922 ",136 
201207,충청남도,부여군,농사용,"12,518 ","8,812,536 ","376,857,848 ",42.8 
201207,충청남도,부여군,산업용,675 ,"10,885,183 ","1,315,787,166 ",120.9 
201207,충청남도,부여군,심 야,"5,043 ","1,724,365 ","81,801,753 ",47.4 
201207,충청남도,부여군,일반용,"4,709 ","7,768,399 ","926,844,924 ",119.3 
201207,충청남도,부여군,주택용,"31,987 ","6,479,559 ","697,920,277 ",107.7 
201207,충청남도,부여군,합계,"62,115 ","37,177,144 ","3,588,690,711 ",96.5 
201207,충청남도,서산시,가로등,"9,547 ","735,030 ","80,909,655 ",110.1 
201207,충청남도,서산시,교육용,132 ,"1,365,863 ","192,232,357 ",140.7 
201207,충청남도,서산시,농사용,"11,621 ","8,031,569 ","319,030,949 ",39.7 
201207,충청남도,서산시,산업용,805 ,"417,625,385 ","39,678,739,979 ",95 
201207,충청남도,서산시,심 야,"7,407 ","3,437,310 ","167,579,361 ",48.8 
201207,충청남도,서산시,일반용,"10,972 ","23,588,974 ","2,746,608,629 ",116.4 
201207,충청남도,서산시,주택용,"51,038 ","16,075,325 ","1,589,453,883 ",98.9 
201207,충청남도,서산시,합계,"91,522 ","470,859,456 ","44,774,554,813 ",95.1 
201207,충청남도,서천군,가로등,"3,837 ","664,156 ","70,370,996 ",106 
201207,충청남도,서천군,교육용,62 ,"441,827 ","59,153,107 ",133.9 
201207,충청남도,서천군,농사용,"7,285 ","4,073,873 ","198,755,459 ",48.8 
201207,충청남도,서천군,산업용,682 ,"66,470,836 ","6,373,414,951 ",95.9 
201207,충청남도,서천군,심 야,"4,292 ","1,928,380 ","90,479,920 ",46.9 
201207,충청남도,서천군,일반용,"4,525 ","7,212,785 ","906,561,501 ",125.7 
201207,충청남도,서천군,주택용,"27,263 ","5,417,045 ","575,841,826 ",106.3 
201207,충청남도,서천군,합계,"47,946 ","86,208,902 ","8,274,577,760 ",96 
201207,충청남도,아산시,가로등,"14,371 ","786,909 ","92,191,281 ",117.2 
201207,충청남도,아산시,교육용,185 ,"5,258,665 ","630,812,470 ",120 
201207,충청남도,아산시,농사용,"10,333 ","7,430,688 ","318,533,023 ",42.9 
201207,충청남도,아산시,산업용,"2,498 ","857,189,226 ","81,655,399,220 ",95.3 
201207,충청남도,아산시,심 야,"10,450 ","3,994,111 ","187,068,571 ",46.8 
201207,충청남도,아산시,일반용,"15,482 ","36,099,217 ","4,335,609,248 ",120.1 
201207,충청남도,아산시,주택용,"62,506 ","25,733,197 ","2,737,770,382 ",106.4 
201207,충청남도,아산시,합계,"115,825 ","936,492,013 ","89,957,384,195 ",96.1 
201207,충청남도,연기군,가로등,"4,863 ","629,123 ","72,171,255 ",114.7 
201207,충청남도,연기군,교육용,70 ,"2,102,890 ","217,771,307 ",103.6 
201207,충청남도,연기군,농사용,"5,934 ","4,332,612 ","186,960,371 ",43.2 
201207,충청남도,연기군,산업용,999 ,"103,345,043 ","10,121,105,712 ",97.9 
201207,충청남도,연기군,심 야,"6,669 ","1,771,772 ","86,957,982 ",49.1 
201207,충청남도,연기군,일반용,"6,127 ","14,835,080 ","1,734,843,401 ",116.9 
201207,충청남도,연기군,주택용,"29,047 ","9,541,993 ","1,010,232,178 ",105.9 
201207,충청남도,연기군,합계,"53,709 ","136,558,513 ","13,430,042,206 ",98.3 
201207,충청남도,예산군,가로등,"6,151 ","576,213 ","63,187,967 ",109.7 
201207,충청남도,예산군,교육용,67 ,"752,065 ","102,446,028 ",136.2 
201207,충청남도,예산군,농사용,"12,336 ","6,760,410 ","300,002,762 ",44.4 
201207,충청남도,예산군,산업용,836 ,"28,227,607 ","3,190,347,561 ",113 
201207,충청남도,예산군,심 야,"5,464 ","2,353,365 ","119,721,989 ",50.9 
201207,충청남도,예산군,일반용,"6,291 ","11,045,623 ","1,335,642,408 ",120.9 
201207,충청남도,예산군,주택용,"32,735 ","7,948,134 ","851,227,314 ",107.1 
201207,충청남도,예산군,합계,"63,880 ","57,663,417 ","5,962,576,029 ",103.4 
201207,충청남도,천안시,가로등,"19,821 ","1,888,368 ","199,319,488 ",105.6 
201207,충청남도,천안시,교육용,359 ,"10,657,260 ","1,282,247,003 ",120.3 
201207,충청남도,천안시,농사용,"11,998 ","10,816,764 ","453,864,777 ",42 
201207,충청남도,천안시,산업용,"3,713 ","471,845,216 ","47,011,639,323 ",99.6 
201207,충청남도,천안시,심 야,"16,768 ","5,302,599 ","264,837,131 ",49.9 
201207,충청남도,천안시,일반용,"33,360 ","94,126,093 ","10,977,083,960 ",116.6 
201207,충청남도,천안시,주택용,"142,414 ","57,667,550 ","6,257,149,808 ",108.5 
201207,충청남도,천안시,합계,"228,433 ","652,303,850 ","66,446,141,490 ",101.9 
201207,충청남도,청양군,가로등,"4,778 ","379,779 ","39,882,485 ",105 
201207,충청남도,청양군,교육용,41 ,"378,121 ","51,517,668 ",136.2 
201207,충청남도,청양군,농사용,"8,808 ","3,492,789 ","157,555,970 ",45.1 
201207,충청남도,청양군,산업용,524 ,"7,158,973 ","786,794,344 ",109.9 
201207,충청남도,청양군,심 야,"2,373 ","921,357 ","43,956,567 ",47.7 
201207,충청남도,청양군,일반용,"2,534 ","3,203,480 ","401,706,107 ",125.4 
201207,충청남도,청양군,주택용,"14,956 ","2,773,914 ","282,084,531 ",101.7 
201207,충청남도,청양군,합계,"34,014 ","18,308,413 ","1,763,497,672 ",96.3 
201207,충청남도,태안군,가로등,"6,226 ","420,529 ","46,456,211 ",110.5 
201207,충청남도,태안군,교육용,66 ,"485,186 ","71,085,417 ",146.5 
201207,충청남도,태안군,농사용,"8,176 ","5,251,312 ","247,262,926 ",47.1 
201207,충청남도,태안군,산업용,686 ,"3,792,665 ","676,918,530 ",178.5 
201207,충청남도,태안군,심 야,"5,461 ","3,262,245 ","155,139,777 ",47.6 
201207,충청남도,태안군,일반용,"7,736 ","12,373,242 ","1,512,246,770 ",122.2 
201207,충청남도,태안군,주택용,"25,362 ","5,550,659 ","595,242,862 ",107.2 
201207,충청남도,태안군,합계,"53,713 ","31,135,838 ","3,304,352,493 ",106.1 
201207,충청남도,홍성군,가로등,"8,896 ","560,786 ","60,107,612 ",107.2 
201207,충청남도,홍성군,교육용,97 ,"1,420,402 ","165,059,864 ",116.2 
201207,충청남도,홍성군,농사용,"9,527 ","8,011,019 ","352,050,652 ",43.9 
201207,충청남도,홍성군,산업용,842 ,"17,322,747 ","1,976,614,677 ",114.1 
201207,충청남도,홍성군,심 야,"5,269 ","1,972,806 ","94,305,798 ",47.8 
201207,충청남도,홍성군,일반용,"6,559 ","11,822,140 ","1,415,060,961 ",119.7 
201207,충청남도,홍성군,주택용,"35,026 ","8,377,240 ","889,463,871 ",106.2 
201207,충청남도,홍성군,합계,"66,216 ","49,487,140 ","4,952,663,435 ",100.1 
201208,충청남도,계룡시,가로등,806 ,"148,495 ","17,143,162 ",115.4 
201208,충청남도,계룡시,교육용,30 ,"268,892 ","47,445,972 ",176.4 
201208,충청남도,계룡시,농사용,377 ,"224,087 ","10,233,018 ",45.7 
201208,충청남도,계룡시,산업용,88 ,"4,085,216 ","440,491,136 ",107.8 
201208,충청남도,계룡시,심 야,368 ,"681,721 ","38,263,948 ",56.1 
201208,충청남도,계룡시,일반용,"1,496 ","10,326,998 ","1,305,437,745 ",126.4 
201208,충청남도,계룡시,주택용,"3,122 ","5,201,768 ","677,822,618 ",130.3 
201208,충청남도,계룡시,합계,"6,287 ","20,937,177 ","2,536,837,599 ",121.2 
201208,충청남도,공주시,가로등,"6,916 ","1,263,624 ","133,300,656 ",105.5 
201208,충청남도,공주시,교육용,117 ,"2,900,896 ","357,475,010 ",123.2 
201208,충청남도,공주시,농사용,"11,780 ","8,763,323 ","376,509,558 ",43 
201208,충청남도,공주시,산업용,"1,139 ","33,419,606 ","3,856,592,010 ",115.4 
201208,충청남도,공주시,심 야,"8,628 ","3,182,511 ","159,439,260 ",50.1 
201208,충청남도,공주시,일반용,"9,281 ","22,746,033 ","3,048,281,633 ",134 
201208,충청남도,공주시,주택용,"46,661 ","14,014,514 ","1,888,120,961 ",134.7 
201208,충청남도,공주시,합계,"84,522 ","86,290,507 ","9,819,719,088 ",113.8 
201208,충청남도,금산군,가로등,"3,092 ","732,761 ","73,150,541 ",99.8 
201208,충청남도,금산군,교육용,59 ,"813,573 ","111,780,745 ",137.4 
201208,충청남도,금산군,농사용,"7,651 ","3,088,887 ","151,118,770 ",48.9 
201208,충청남도,금산군,산업용,"1,278 ","54,407,442 ","5,947,131,641 ",109.3 
201208,충청남도,금산군,심 야,"3,647 ","1,066,100 ","51,381,683 ",48.2 
201208,충청남도,금산군,일반용,"4,688 ","8,993,519 ","1,240,799,933 ",138 
201208,충청남도,금산군,주택용,"24,617 ","5,701,773 ","710,439,464 ",124.6 
201208,충청남도,금산군,합계,"45,032 ","74,804,055 ","8,285,802,777 ",110.8 
201208,충청남도,논산시,가로등,"5,303 ","700,408 ","72,131,612 ",103 
201208,충청남도,논산시,교육용,121 ,"2,024,992 ","279,189,597 ",137.9 
201208,충청남도,논산시,농사용,"14,080 ","13,989,724 ","585,453,103 ",41.8 
201208,충청남도,논산시,산업용,"1,345 ","40,065,284 ","4,945,400,303 ",123.4 
201208,충청남도,논산시,심 야,"7,472 ","2,164,299 ","109,034,676 ",50.4 
201208,충청남도,논산시,일반용,"9,083 ","21,484,925 ","2,805,361,322 ",130.6 
201208,충청남도,논산시,주택용,"50,788 ","14,281,913 ","1,957,546,147 ",137.1 
201208,충청남도,논산시,합계,"88,192 ","94,711,545 ","10,754,116,760 ",113.5 
201208,충청남도,당진시,가로등,"8,131 ","567,699 ","63,612,199 ",112.1 
201208,충청남도,당진시,교육용,118 ,"1,262,936 ","192,529,499 ",152.4 
201208,충청남도,당진시,농사용,"12,086 ","15,585,778 ","574,826,127 ",36.9 
201208,충청남도,당진시,산업용,"1,298 ","726,663,197 ","72,795,185,272 ",100.2 
201208,충청남도,당진시,심 야,"7,627 ","2,876,213 ","141,399,683 ",49.2 
201208,충청남도,당진시,일반용,"11,715 ","26,399,703 ","3,577,047,376 ",135.5 
201208,충청남도,당진시,주택용,"59,576 ","20,180,179 ","2,698,721,093 ",133.7 
201208,충청남도,당진시,합계,"100,551 ","793,535,705 ","80,043,321,249 ",100.9 
201208,충청남도,보령시,가로등,"5,859 ","865,463 ","91,947,661 ",106.2 
201208,충청남도,보령시,교육용,106 ,"937,876 ","136,288,349 ",145.3 
201208,충청남도,보령시,농사용,"8,132 ","10,650,963 ","444,933,898 ",41.8 
201208,충청남도,보령시,산업용,"1,137 ","23,324,629 ","3,005,875,600 ",128.9 
201208,충청남도,보령시,심 야,"7,452 ","3,864,262 ","208,118,875 ",53.9 
201208,충청남도,보령시,일반용,"9,452 ","23,411,688 ","3,051,560,768 ",130.3 
201208,충청남도,보령시,주택용,"38,634 ","12,026,939 ","1,628,478,060 ",135.4 
201208,충청남도,보령시,합계,"70,772 ","75,081,820 ","8,567,203,211 ",114.1 
201208,충청남도,부여군,가로등,"7,118 ","704,895 ","74,409,804 ",105.6 
201208,충청남도,부여군,교육용,67 ,"967,948 ","139,693,564 ",144.3 
201208,충청남도,부여군,농사용,"12,709 ","11,834,617 ","489,954,450 ",41.4 
201208,충청남도,부여군,산업용,684 ,"10,711,459 ","1,407,792,746 ",131.4 
201208,충청남도,부여군,심 야,"5,037 ","1,412,941 ","68,719,169 ",48.6 
201208,충청남도,부여군,일반용,"4,728 ","9,633,579 ","1,285,044,718 ",133.4 
201208,충청남도,부여군,주택용,"32,060 ","8,024,961 ","1,098,634,652 ",136.9 
201208,충청남도,부여군,합계,"62,403 ","43,290,400 ","4,564,249,103 ",105.4 
201208,충청남도,서산시,가로등,"9,878 ","806,905 ","84,229,282 ",104.4 
201208,충청남도,서산시,교육용,131 ,"1,449,231 ","225,870,763 ",155.9 
201208,충청남도,서산시,농사용,"11,723 ","10,291,535 ","405,414,285 ",39.4 
201208,충청남도,서산시,산업용,812 ,"424,268,446 ","42,753,036,693 ",100.8 
201208,충청남도,서산시,심 야,"7,393 ","2,945,604 ","147,333,632 ",50 
201208,충청남도,서산시,일반용,"11,010 ","27,918,135 ","3,695,687,827 ",132.4 
201208,충청남도,서산시,주택용,"51,254 ","19,538,162 ","2,605,170,575 ",133.3 
201208,충청남도,서산시,합계,"92,201 ","487,218,018 ","49,916,743,057 ",102.5 
201208,충청남도,서천군,가로등,"3,837 ","638,257 ","66,852,410 ",104.7 
201208,충청남도,서천군,교육용,62 ,"498,556 ","74,200,984 ",148.8 
201208,충청남도,서천군,농사용,"7,369 ","6,241,929 ","279,114,190 ",44.7 
201208,충청남도,서천군,산업용,685 ,"63,040,267 ","6,512,591,598 ",103.3 
201208,충청남도,서천군,심 야,"4,288 ","1,528,961 ","73,303,458 ",47.9 
201208,충청남도,서천군,일반용,"4,533 ","9,150,806 ","1,237,535,979 ",135.2 
201208,충청남도,서천군,주택용,"27,261 ","6,764,539 ","911,910,249 ",134.8 
201208,충청남도,서천군,합계,"48,035 ","87,863,315 ","9,155,508,868 ",104.2 
201208,충청남도,아산시,가로등,"14,372 ","890,491 ","99,035,237 ",111.2 
201208,충청남도,아산시,교육용,188 ,"5,253,842 ","666,235,078 ",126.8 
201208,충청남도,아산시,농사용,"10,372 ","9,624,355 ","400,508,320 ",41.6 
201208,충청남도,아산시,산업용,"2,505 ","852,713,956 ","86,744,388,727 ",101.7 
201208,충청남도,아산시,심 야,"10,440 ","3,342,425 ","159,064,446 ",47.6 
201208,충청남도,아산시,일반용,"15,506 ","42,117,436 ","5,583,665,535 ",132.6 
201208,충청남도,아산시,주택용,"62,671 ","31,280,543 ","4,151,343,619 ",132.7 
201208,충청남도,아산시,합계,"116,054 ","945,223,048 ","97,804,240,962 ",103.5 
201208,충청남도,연기군,가로등,"4,853 ","703,324 ","76,714,016 ",109.1 
201208,충청남도,연기군,교육용,70 ,"2,271,102 ","269,610,329 ",118.7 
201208,충청남도,연기군,농사용,"5,977 ","5,472,261 ","229,414,700 ",41.9 
201208,충청남도,연기군,산업용,"1,002 ","96,473,006 ","10,442,086,000 ",108.2 
201208,충청남도,연기군,심 야,"6,676 ","1,471,551 ","74,633,430 ",50.7 
201208,충청남도,연기군,일반용,"6,189 ","17,654,034 ","2,408,796,092 ",136.4 
201208,충청남도,연기군,주택용,"29,295 ","11,782,948 ","1,533,001,974 ",130.1 
201208,충청남도,연기군,합계,"54,062 ","135,828,226 ","15,034,256,541 ",110.7 
201208,충청남도,예산군,가로등,"6,228 ","618,544 ","64,863,338 ",104.9 
201208,충청남도,예산군,교육용,67 ,"848,696 ","124,370,036 ",146.5 
201208,충청남도,예산군,농사용,"12,441 ","9,322,415 ","390,884,895 ",41.9 
201208,충청남도,예산군,산업용,839 ,"26,659,272 ","3,311,397,378 ",124.2 
201208,충청남도,예산군,심 야,"5,461 ","2,127,343 ","113,520,367 ",53.4 
201208,충청남도,예산군,일반용,"6,321 ","13,436,211 ","1,801,592,274 ",134.1 
201208,충청남도,예산군,주택용,"32,727 ","9,732,391 ","1,302,436,501 ",133.8 
201208,충청남도,예산군,합계,"64,084 ","62,744,872 ","7,109,064,789 ",113.3 
201208,충청남도,천안시,가로등,"19,959 ","1,975,168 ","205,683,539 ",104.1 
201208,충청남도,천안시,교육용,360 ,"11,512,029 ","1,463,271,355 ",127.1 
201208,충청남도,천안시,농사용,"12,080 ","13,650,190 ","567,703,706 ",41.6 
201208,충청남도,천안시,산업용,"3,721 ","471,325,230 ","50,338,758,124 ",106.8 
201208,충청남도,천안시,심 야,"16,743 ","4,659,218 ","238,462,466 ",51.2 
201208,충청남도,천안시,일반용,"33,594 ","108,980,375 ","14,293,233,485 ",131.2 
201208,충청남도,천안시,주택용,"143,415 ","70,771,526 ","9,552,893,958 ",135 
201208,충청남도,천안시,합계,"229,872 ","682,873,736 ","76,660,006,633 ",112.3 
201208,충청남도,청양군,가로등,"4,779 ","405,920 ","40,376,980 ",99.5 
201208,충청남도,청양군,교육용,41 ,"420,500 ","64,030,974 ",152.3 
201208,충청남도,청양군,농사용,"8,836 ","5,014,773 ","219,048,923 ",43.7 
201208,충청남도,청양군,산업용,526 ,"7,553,057 ","895,209,256 ",118.5 
201208,충청남도,청양군,심 야,"2,369 ","773,840 ","37,664,744 ",48.7 
201208,충청남도,청양군,일반용,"2,547 ","3,912,906 ","541,479,215 ",138.4 
201208,충청남도,청양군,주택용,"14,938 ","3,257,416 ","398,981,234 ",122.5 
201208,충청남도,청양군,합계,"34,036 ","21,338,412 ","2,196,791,326 ",103 
201208,충청남도,태안군,가로등,"6,234 ","463,543 ","47,063,162 ",101.5 
201208,충청남도,태안군,교육용,67 ,"611,268 ","90,756,018 ",148.5 
201208,충청남도,태안군,농사용,"8,298 ","6,736,184 ","303,738,151 ",45.1 
201208,충청남도,태안군,산업용,684 ,"3,249,164 ","679,540,753 ",209.1 
201208,충청남도,태안군,심 야,"5,456 ","2,908,348 ","146,079,417 ",50.2 
201208,충청남도,태안군,일반용,"7,916 ","17,401,121 ","2,320,280,820 ",133.3 
201208,충청남도,태안군,주택용,"25,383 ","6,793,625 ","899,341,413 ",132.4 
201208,충청남도,태안군,합계,"54,038 ","38,163,253 ","4,486,799,734 ",117.6 
201208,충청남도,홍성군,가로등,"8,913 ","593,080 ","60,111,345 ",101.4 
201208,충청남도,홍성군,교육용,97 ,"1,388,148 ","194,822,015 ",140.3 
201208,충청남도,홍성군,농사용,"9,628 ","10,994,481 ","469,674,740 ",42.7 
201208,충청남도,홍성군,산업용,842 ,"17,049,861 ","2,140,658,225 ",125.6 
201208,충청남도,홍성군,심 야,"5,261 ","1,607,150 ","79,085,471 ",49.2 
201208,충청남도,홍성군,일반용,"6,586 ","14,210,724 ","1,916,379,243 ",134.9 
201208,충청남도,홍성군,주택용,"35,094 ","10,357,006 ","1,422,146,794 ",137.3 
201208,충청남도,홍성군,합계,"66,421 ","56,200,450 ","6,282,877,833 ",111.8 
201209,충청남도,계룡시,가로등,820 ,"166,947 ","18,731,348 ",112.2 
201209,충청남도,계룡시,교육용,30 ,"269,532 ","40,950,568 ",151.9 
201209,충청남도,계룡시,농사용,384 ,"169,303 ","8,277,408 ",48.9 
201209,충청남도,계룡시,산업용,89 ,"3,826,452 ","364,498,795 ",95.3 
201209,충청남도,계룡시,심 야,366 ,"399,122 ","22,627,042 ",56.7 
201209,충청남도,계룡시,일반용,"1,495 ","8,108,936 ","866,931,595 ",106.9 
201209,충청남도,계룡시,주택용,"3,173 ","4,406,306 ","486,215,606 ",110.3 
201209,충청남도,계룡시,합계,"6,357 ","17,346,598 ","1,808,232,362 ",104.2 
201209,충청남도,공주시,가로등,"6,935 ","1,276,247 ","135,718,946 ",106.3 
201209,충청남도,공주시,교육용,117 ,"2,555,042 ","293,499,741 ",114.9 
201209,충청남도,공주시,농사용,"11,880 ","7,717,212 ","357,544,371 ",46.3 
201209,충청남도,공주시,산업용,"1,142 ","32,260,552 ","3,148,342,293 ",97.6 
201209,충청남도,공주시,심 야,"8,623 ","3,589,498 ","182,853,534 ",50.9 
201209,충청남도,공주시,일반용,"9,346 ","19,429,095 ","2,494,918,189 ",128.4 
201209,충청남도,공주시,주택용,"46,824 ","12,331,963 ","1,447,796,259 ",117.4 
201209,충청남도,공주시,합계,"84,867 ","79,159,609 ","8,060,673,333 ",101.8 
201209,충청남도,금산군,가로등,"3,097 ","730,878 ","73,026,244 ",99.9 
201209,충청남도,금산군,교육용,59 ,"890,662 ","101,792,468 ",114.3 
201209,충청남도,금산군,농사용,"7,817 ","3,899,210 ","187,402,575 ",48.1 
201209,충청남도,금산군,산업용,"1,286 ","49,103,559 ","4,625,361,387 ",94.2 
201209,충청남도,금산군,심 야,"3,644 ","1,471,358 ","73,099,011 ",49.7 
201209,충청남도,금산군,일반용,"4,713 ","7,929,494 ","1,028,995,495 ",129.8 
201209,충청남도,금산군,주택용,"24,678 ","5,248,638 ","592,740,950 ",112.9 
201209,충청남도,금산군,합계,"45,294 ","69,273,799 ","6,682,418,130 ",96.5 
201209,충청남도,논산시,가로등,"5,319 ","752,983 ","76,106,431 ",101.1 
201209,충청남도,논산시,교육용,122 ,"1,759,931 ","237,416,983 ",134.9 
201209,충청남도,논산시,농사용,"14,190 ","10,953,957 ","516,349,217 ",47.1 
201209,충청남도,논산시,산업용,"1,343 ","41,001,145 ","4,241,790,852 ",103.5 
201209,충청남도,논산시,심 야,"7,461 ","2,412,300 ","124,565,328 ",51.6 
201209,충청남도,논산시,일반용,"9,132 ","18,730,392 ","2,353,718,197 ",125.7 
201209,충청남도,논산시,주택용,"50,893 ","12,532,535 ","1,465,642,728 ",116.9 
201209,충청남도,논산시,합계,"88,460 ","88,143,243 ","9,015,589,736 ",102.3 
201209,충청남도,당진시,가로등,"8,134 ","597,525 ","67,471,218 ",112.9 
201209,충청남도,당진시,교육용,117 ,"1,255,425 ","170,769,414 ",136 
201209,충청남도,당진시,농사용,"12,189 ","10,771,135 ","490,101,955 ",45.5 
201209,충청남도,당진시,산업용,"1,308 ","777,017,731 ","61,897,653,021 ",79.7 
201209,충청남도,당진시,심 야,"7,624 ","3,530,001 ","178,287,052 ",50.5 
201209,충청남도,당진시,일반용,"11,822 ","23,351,310 ","2,987,122,441 ",127.9 
201209,충청남도,당진시,주택용,"59,927 ","18,004,038 ","2,135,792,933 ",118.6 
201209,충청남도,당진시,합계,"101,121 ","834,527,165 ","67,927,198,034 ",81.4 
201209,충청남도,보령시,가로등,"5,864 ","894,577 ","94,409,337 ",105.5 
201209,충청남도,보령시,교육용,106 ,"859,113 ","122,496,708 ",142.6 
201209,충청남도,보령시,농사용,"8,230 ","10,372,752 ","448,757,227 ",43.3 
201209,충청남도,보령시,산업용,"1,141 ","28,800,391 ","3,553,652,277 ",123.4 
201209,충청남도,보령시,심 야,"7,452 ","4,240,444 ","231,529,609 ",54.6 
201209,충청남도,보령시,일반용,"9,482 ","18,827,918 ","2,366,249,691 ",125.7 
201209,충청남도,보령시,주택용,"38,651 ","10,597,141 ","1,261,540,133 ",119 
201209,충청남도,보령시,합계,"70,926 ","74,592,336 ","8,078,634,982 ",108.3 
201209,충청남도,부여군,가로등,"7,173 ","734,320 ","76,774,331 ",104.6 
201209,충청남도,부여군,교육용,67 ,"767,737 ","107,938,273 ",140.6 
201209,충청남도,부여군,농사용,"12,856 ","9,757,944 ","452,870,687 ",46.4 
201209,충청남도,부여군,산업용,685 ,"10,758,794 ","1,208,671,346 ",112.3 
201209,충청남도,부여군,심 야,"5,035 ","1,697,842 ","85,164,246 ",50.2 
201209,충청남도,부여군,일반용,"4,757 ","8,289,225 ","1,064,288,483 ",128.4 
201209,충청남도,부여군,주택용,"32,093 ","7,178,202 ","871,499,669 ",121.4 
201209,충청남도,부여군,합계,"62,666 ","39,184,064 ","3,867,207,035 ",98.7 
201209,충청남도,서산시,가로등,"9,882 ","845,453 ","87,508,547 ",103.5 
201209,충청남도,서산시,교육용,132 ,"1,417,678 ","207,409,918 ",146.3 
201209,충청남도,서산시,농사용,"11,817 ","8,846,763 ","383,577,665 ",43.4 
201209,충청남도,서산시,산업용,813 ,"400,388,317 ","32,157,671,331 ",80.3 
201209,충청남도,서산시,심 야,"7,385 ","3,345,891 ","171,079,422 ",51.1 
201209,충청남도,서산시,일반용,"11,032 ","25,291,598 ","3,156,950,956 ",124.8 
201209,충청남도,서산시,주택용,"51,399 ","17,756,102 ","2,127,307,327 ",119.8 
201209,충청남도,서산시,합계,"92,460 ","457,891,802 ","38,291,505,166 ",83.6 
201209,충청남도,서천군,가로등,"3,838 ","654,744 ","68,412,967 ",104.5 
201209,충청남도,서천군,교육용,62 ,"451,905 ","66,129,048 ",146.3 
201209,충청남도,서천군,농사용,"7,478 ","5,822,350 ","284,167,522 ",48.8 
201209,충청남도,서천군,산업용,684 ,"62,007,375 ","5,116,368,196 ",82.5 
201209,충청남도,서천군,심 야,"4,288 ","1,770,143 ","88,090,396 ",49.8 
201209,충청남도,서천군,일반용,"4,559 ","7,458,591 ","964,828,311 ",129.4 
201209,충청남도,서천군,주택용,"27,245 ","6,069,910 ","734,653,015 ",121 
201209,충청남도,서천군,합계,"48,154 ","84,235,018 ","7,322,649,455 ",86.9 
201209,충청남도,아산시,가로등,"14,372 ","937,903 ","104,786,172 ",111.7 
201209,충청남도,아산시,교육용,187 ,"5,001,593 ","510,437,043 ",102.1 
201209,충청남도,아산시,농사용,"10,469 ","8,657,077 ","391,619,031 ",45.2 
201209,충청남도,아산시,산업용,"2,510 ","811,761,959 ","65,780,283,989 ",81 
201209,충청남도,아산시,심 야,"10,445 ","4,049,764 ","200,497,905 ",49.5 
201209,충청남도,아산시,일반용,"15,677 ","36,114,092 ","4,330,744,965 ",119.9 
201209,충청남도,아산시,주택용,"63,388 ","28,608,191 ","3,448,061,632 ",120.5 
201209,충청남도,아산시,합계,"117,048 ","895,130,579 ","74,766,430,737 ",83.5 
201209,충청남도,연기군,가로등,"4,863 ","727,794 ","78,758,034 ",108.2 
201209,충청남도,연기군,교육용,70 ,"2,346,444 ","248,113,565 ",105.7 
201209,충청남도,연기군,농사용,"6,023 ","4,822,177 ","218,290,229 ",45.3 
201209,충청남도,연기군,산업용,"1,002 ","96,449,242 ","8,822,847,596 ",91.5 
201209,충청남도,연기군,심 야,"6,688 ","2,025,166 ","100,498,333 ",49.6 
201209,충청남도,연기군,일반용,"6,211 ","16,413,395 ","2,231,727,732 ",136 
201209,충청남도,연기군,주택용,"29,608 ","10,921,880 ","1,289,208,420 ",118 
201209,충청남도,연기군,합계,"54,465 ","133,706,098 ","12,989,443,909 ",97.1 
201209,충청남도,예산군,가로등,"6,231 ","657,791 ","67,855,921 ",103.2 
201209,충청남도,예산군,교육용,67 ,"742,499 ","105,173,030 ",141.6 
201209,충청남도,예산군,농사용,"12,491 ","8,078,305 ","371,539,419 ",46 
201209,충청남도,예산군,산업용,835 ,"27,576,164 ","2,867,981,582 ",104 
201209,충청남도,예산군,심 야,"5,458 ","2,285,502 ","120,033,452 ",52.5 
201209,충청남도,예산군,일반용,"6,332 ","11,624,913 ","1,458,321,127 ",125.4 
201209,충청남도,예산군,주택용,"32,744 ","8,760,403 ","1,052,645,983 ",120.2 
201209,충청남도,예산군,합계,"64,158 ","59,725,577 ","6,043,550,514 ",101.2 
201209,충청남도,천안시,가로등,"20,025 ","2,070,155 ","218,462,532 ",105.5 
201209,충청남도,천안시,교육용,361 ,"10,669,305 ","1,142,609,702 ",107.1 
201209,충청남도,천안시,농사용,"12,223 ","11,531,893 ","499,838,706 ",43.3 
201209,충청남도,천안시,산업용,"3,745 ","444,583,615 ","38,693,859,138 ",87 
201209,충청남도,천안시,심 야,"16,748 ","5,473,848 ","285,384,941 ",52.1 
201209,충청남도,천안시,일반용,"33,757 ","94,452,971 ","11,458,004,050 ",121.3 
201209,충청남도,천안시,주택용,"144,486 ","66,680,686 ","8,463,489,335 ",126.9 
201209,충청남도,천안시,합계,"231,345 ","635,462,473 ","60,761,648,404 ",95.6 
201209,충청남도,청양군,가로등,"4,779 ","425,418 ","41,922,986 ",98.5 
201209,충청남도,청양군,교육용,41 ,"365,330 ","55,879,541 ",153 
201209,충청남도,청양군,농사용,"8,890 ","5,525,065 ","252,209,731 ",45.6 
201209,충청남도,청양군,산업용,529 ,"6,904,076 ","727,949,539 ",105.4 
201209,충청남도,청양군,심 야,"2,365 ","997,273 ","50,151,873 ",50.3 
201209,충청남도,청양군,일반용,"2,553 ","3,357,551 ","438,269,803 ",130.5 
201209,충청남도,청양군,주택용,"14,962 ","3,052,512 ","340,255,209 ",111.5 
201209,충청남도,청양군,합계,"34,119 ","20,627,225 ","1,906,638,682 ",92.4 
201209,충청남도,태안군,가로등,"6,247 ","491,773 ","49,027,246 ",99.7 
201209,충청남도,태안군,교육용,68 ,"555,592 ","81,103,372 ",146 
201209,충청남도,태안군,농사용,"8,337 ","7,174,122 ","329,218,374 ",45.9 
201209,충청남도,태안군,산업용,680 ,"3,937,313 ","733,890,607 ",186.4 
201209,충청남도,태안군,심 야,"5,447 ","3,196,371 ","162,001,409 ",50.7 
201209,충청남도,태안군,일반용,"7,925 ","13,846,620 ","1,830,629,988 ",132.2 
201209,충청남도,태안군,주택용,"25,390 ","6,290,029 ","781,112,391 ",124.2 
201209,충청남도,태안군,합계,"54,094 ","35,491,820 ","3,966,983,387 ",111.8 
201209,충청남도,홍성군,가로등,"8,925 ","720,299 ","65,407,227 ",90.8 
201209,충청남도,홍성군,교육용,98 ,"1,397,908 ","184,224,726 ",131.8 
201209,충청남도,홍성군,농사용,"9,736 ","10,265,764 ","459,198,356 ",44.7 
201209,충청남도,홍성군,산업용,840 ,"17,092,332 ","1,849,109,246 ",108.2 
201209,충청남도,홍성군,심 야,"5,248 ","1,917,937 ","97,133,950 ",50.6 
201209,충청남도,홍성군,일반용,"6,648 ","12,249,717 ","1,569,701,130 ",128.1 
201209,충청남도,홍성군,주택용,"35,041 ","9,450,005 ","1,166,324,117 ",123.4 
201209,충청남도,홍성군,합계,"66,536 ","53,093,962 ","5,391,098,752 ",101.5 
201210,충청남도,계룡시,가로등,820 ,"188,174 ","19,775,383 ",105.1 
201210,충청남도,계룡시,교육용,30 ,"211,469 ","35,144,201 ",166.2 
201210,충청남도,계룡시,농사용,388 ,"139,199 ","7,135,938 ",51.3 
201210,충청남도,계룡시,산업용,91 ,"3,791,917 ","352,109,490 ",92.9 
201210,충청남도,계룡시,심 야,366 ,"543,466 ","28,745,293 ",52.9 
201210,충청남도,계룡시,일반용,"1,501 ","7,596,954 ","779,973,940 ",102.7 
201210,충청남도,계룡시,주택용,"3,189 ","3,980,670 ","411,186,825 ",103.3 
201210,충청남도,계룡시,합계,"6,385 ","16,451,849 ","1,634,071,070 ",99.3 
201210,충청남도,공주시,가로등,"6,443 ","1,298,810 ","129,838,169 ",100 
201210,충청남도,공주시,교육용,113 ,"1,963,396 ","211,114,611 ",107.5 
201210,충청남도,공주시,농사용,"10,885 ","5,740,069 ","278,166,946 ",48.5 
201210,충청남도,공주시,산업용,"1,050 ","25,337,848 ","2,409,457,245 ",95.1 
201210,충청남도,공주시,심 야,"7,560 ","6,138,953 ","306,550,246 ",49.9 
201210,충청남도,공주시,일반용,"8,903 ","15,410,441 ","1,757,832,197 ",114.1 
201210,충청남도,공주시,주택용,"43,339 ","10,788,106 ","1,175,162,468 ",108.9 
201210,충청남도,공주시,합계,"78,293 ","66,677,623 ","6,268,121,882 ",94 
201210,충청남도,금산군,가로등,"3,120 ","799,397 ","73,801,502 ",92.3 
201210,충청남도,금산군,교육용,60 ,"916,615 ","94,217,294 ",102.8 
201210,충청남도,금산군,농사용,"7,896 ","3,155,172 ","160,349,906 ",50.8 
201210,충청남도,금산군,산업용,"1,284 ","50,526,229 ","4,492,470,236 ",88.9 
201210,충청남도,금산군,심 야,"3,642 ","3,353,769 ","165,485,344 ",49.3 
201210,충청남도,금산군,일반용,"4,706 ","6,984,263 ","813,076,750 ",116.4 
201210,충청남도,금산군,주택용,"24,775 ","5,095,462 ","554,773,327 ",108.9 
201210,충청남도,금산군,합계,"45,483 ","70,830,907 ","6,354,174,359 ",89.7 
201210,충청남도,논산시,가로등,"5,323 ","858,117 ","78,825,928 ",91.9 
201210,충청남도,논산시,교육용,122 ,"1,483,459 ","185,170,869 ",124.8 
201210,충청남도,논산시,농사용,"14,221 ","8,713,871 ","435,534,966 ",50 
201210,충청남도,논산시,산업용,"1,342 ","38,837,914 ","3,899,034,564 ",100.4 
201210,충청남도,논산시,심 야,"7,457 ","4,731,787 ","232,996,210 ",49.2 
201210,충청남도,논산시,일반용,"9,164 ","15,107,420 ","1,684,854,212 ",111.5 
201210,충청남도,논산시,주택용,"50,995 ","11,185,749 ","1,189,973,017 ",106.4 
201210,충청남도,논산시,합계,"88,624 ","80,918,317 ","7,706,389,766 ",95.2 
201210,충청남도,당진시,가로등,"8,147 ","668,261 ","70,406,918 ",105.4 
201210,충청남도,당진시,교육용,118 ,"1,014,326 ","136,514,675 ",134.6 
201210,충청남도,당진시,농사용,"12,240 ","7,899,549 ","382,244,605 ",48.4 
201210,충청남도,당진시,산업용,"1,316 ","725,702,113 ","57,615,047,912 ",79.4 
201210,충청남도,당진시,심 야,"7,626 ","6,655,068 ","333,495,289 ",50.1 
201210,충청남도,당진시,일반용,"11,864 ","19,581,476 ","2,247,871,710 ",114.8 
201210,충청남도,당진시,주택용,"60,176 ","16,058,787 ","1,719,637,912 ",107.1 
201210,충청남도,당진시,합계,"101,487 ","777,579,580 ","62,505,219,021 ",80.4 
201210,충청남도,보령시,가로등,"5,911 ","978,737 ","95,129,037 ",97.2 
201210,충청남도,보령시,교육용,106 ,"693,326 ","92,395,767 ",133.3 
201210,충청남도,보령시,농사용,"8,320 ","7,551,590 ","351,653,278 ",46.6 
201210,충청남도,보령시,산업용,"1,140 ","28,058,964 ","3,080,497,978 ",109.8 
201210,충청남도,보령시,심 야,"7,453 ","6,740,185 ","350,764,280 ",52 
201210,충청남도,보령시,일반용,"9,453 ","15,459,387 ","1,749,483,802 ",113.2 
201210,충청남도,보령시,주택용,"38,714 ","9,717,236 ","1,057,897,318 ",108.9 
201210,충청남도,보령시,합계,"71,097 ","69,199,425 ","6,777,821,460 ",97.9 
201210,충청남도,부여군,가로등,"7,139 ","822,403 ","78,521,640 ",95.5 
201210,충청남도,부여군,교육용,67 ,"674,490 ","91,757,645 ",136 
201210,충청남도,부여군,농사용,"12,915 ","7,153,314 ","360,641,294 ",50.4 
201210,충청남도,부여군,산업용,686 ,"11,140,305 ","1,183,077,923 ",106.2 
201210,충청남도,부여군,심 야,"5,036 ","3,580,222 ","177,935,019 ",49.7 
201210,충청남도,부여군,일반용,"4,746 ","6,769,160 ","779,289,345 ",115.1 
201210,충청남도,부여군,주택용,"32,088 ","6,652,689 ","740,644,493 ",111.3 
201210,충청남도,부여군,합계,"62,677 ","36,792,583 ","3,411,867,359 ",92.7 
201210,충청남도,서산시,가로등,"9,882 ","949,884 ","89,817,514 ",94.6 
201210,충청남도,서산시,교육용,133 ,"1,085,842 ","160,206,944 ",147.5 
201210,충청남도,서산시,농사용,"11,914 ","6,049,279 ","289,661,030 ",47.9 
201210,충청남도,서산시,산업용,822 ,"414,801,558 ","32,971,777,708 ",79.5 
201210,충청남도,서산시,심 야,"7,390 ","5,938,309 ","296,953,282 ",50 
201210,충청남도,서산시,일반용,"11,081 ","21,044,580 ","2,326,750,920 ",110.6 
201210,충청남도,서산시,주택용,"51,700 ","15,875,120 ","1,698,308,808 ",107 
201210,충청남도,서산시,합계,"92,922 ","465,744,572 ","37,833,476,206 ",81.2 
201210,충청남도,서천군,가로등,"3,841 ","720,038 ","69,997,618 ",97.2 
201210,충청남도,서천군,교육용,62 ,"371,571 ","51,247,494 ",137.9 
201210,충청남도,서천군,농사용,"7,516 ","4,634,629 ","244,673,729 ",52.8 
201210,충청남도,서천군,산업용,687 ,"62,354,522 ","5,094,346,810 ",81.7 
201210,충청남도,서천군,심 야,"4,289 ","3,364,479 ","166,363,375 ",49.4 
201210,충청남도,서천군,일반용,"4,562 ","6,394,687 ","752,284,140 ",117.6 
201210,충청남도,서천군,주택용,"27,243 ","5,497,839 ","595,869,067 ",108.4 
201210,충청남도,서천군,합계,"48,200 ","83,337,765 ","6,974,782,233 ",83.7 
201210,충청남도,아산시,가로등,"14,374 ","1,039,857 ","107,593,345 ",103.5 
201210,충청남도,아산시,교육용,188 ,"4,810,067 ","475,368,758 ",98.8 
201210,충청남도,아산시,농사용,"10,499 ","6,766,877 ","320,096,404 ",47.3 
201210,충청남도,아산시,산업용,"2,521 ","817,073,828 ","65,448,698,316 ",80.1 
201210,충청남도,아산시,심 야,"10,453 ","8,132,201 ","401,199,654 ",49.3 
201210,충청남도,아산시,일반용,"15,768 ","39,455,665 ","4,847,854,494 ",122.9 
201210,충청남도,아산시,주택용,"63,625 ","25,040,372 ","2,648,479,016 ",105.8 
201210,충청남도,아산시,합계,"117,428 ","902,318,867 ","74,249,289,987 ",82.3 
201210,충청남도,예산군,가로등,"6,232 ","747,432 ","70,298,192 ",94.1 
201210,충청남도,예산군,교육용,67 ,"624,979 ","89,059,959 ",142.5 
201210,충청남도,예산군,농사용,"12,528 ","6,062,860 ","296,338,696 ",48.9 
201210,충청남도,예산군,산업용,837 ,"27,279,099 ","2,713,316,514 ",99.5 
201210,충청남도,예산군,심 야,"5,456 ","4,361,895 ","221,293,878 ",50.7 
201210,충청남도,예산군,일반용,"6,317 ","9,762,715 ","1,101,683,039 ",112.8 
201210,충청남도,예산군,주택용,"32,820 ","8,086,559 ","893,694,218 ",110.5 
201210,충청남도,예산군,합계,"64,257 ","56,925,539 ","5,385,684,496 ",94.6 
201210,충청남도,천안시,가로등,"20,077 ","2,248,391 ","227,627,321 ",101.2 
201210,충청남도,천안시,교육용,362 ,"9,509,151 ","984,174,639 ",103.5 
201210,충청남도,천안시,농사용,"12,246 ","9,413,048 ","422,746,873 ",44.9 
201210,충청남도,천안시,산업용,"3,747 ","436,570,185 ","37,289,581,252 ",85.4 
201210,충청남도,천안시,심 야,"16,768 ","10,482,996 ","529,498,852 ",50.5 
201210,충청남도,천안시,일반용,"33,778 ","78,929,645 ","8,676,171,223 ",109.9 
201210,충청남도,천안시,주택용,"145,384 ","55,815,403 ","5,984,741,950 ",107.2 
201210,충청남도,천안시,합계,"232,362 ","602,968,819 ","54,114,542,110 ",89.7 
201210,충청남도,청양군,가로등,"4,779 ","463,773 ","41,632,627 ",89.8 
201210,충청남도,청양군,교육용,41 ,"305,419 ","44,099,752 ",144.4 
201210,충청남도,청양군,농사용,"8,939 ","3,221,091 ","163,942,553 ",50.9 
201210,충청남도,청양군,산업용,532 ,"7,021,847 ","691,125,460 ",98.4 
201210,충청남도,청양군,심 야,"2,368 ","1,960,144 ","97,892,506 ",49.9 
201210,충청남도,청양군,일반용,"2,540 ","2,848,399 ","328,269,802 ",115.2 
201210,충청남도,청양군,주택용,"14,995 ","2,913,664 ","310,555,592 ",106.6 
201210,충청남도,청양군,합계,"34,194 ","18,734,337 ","1,677,518,292 ",89.5 
201210,충청남도,태안군,가로등,"6,247 ","555,491 ","49,462,751 ",89 
201210,충청남도,태안군,교육용,68 ,"417,731 ","65,049,473 ",155.7 
201210,충청남도,태안군,농사용,"8,360 ","6,231,110 ","297,769,686 ",47.8 
201210,충청남도,태안군,산업용,681 ,"4,898,018 ","763,007,739 ",155.8 
201210,충청남도,태안군,심 야,"5,447 ","5,152,898 ","257,238,962 ",49.9 
201210,충청남도,태안군,일반용,"7,839 ","11,561,144 ","1,367,040,232 ",118.2 
201210,충청남도,태안군,주택용,"25,399 ","5,614,336 ","619,634,424 ",110.4 
201210,충청남도,태안군,합계,"54,041 ","34,430,728 ","3,419,203,267 ",99.3 
201210,충청남도,홍성군,가로등,"8,929 ","735,819 ","67,518,783 ",91.8 
201210,충청남도,홍성군,교육용,98 ,"1,309,394 ","150,337,443 ",114.8 
201210,충청남도,홍성군,농사용,"9,786 ","7,865,456 ","365,894,620 ",46.5 
201210,충청남도,홍성군,산업용,846 ,"16,931,326 ","1,733,868,160 ",102.4 
201210,충청남도,홍성군,심 야,"5,263 ","3,801,815 ","189,311,186 ",49.8 
201210,충청남도,홍성군,일반용,"6,694 ","10,401,113 ","1,206,583,619 ",116 
201210,충청남도,홍성군,주택용,"35,141 ","8,528,681 ","915,951,404 ",107.4 
201210,충청남도,홍성군,합계,"66,757 ","49,573,604 ","4,629,465,215 ",93.4 
201211,충청남도,계룡시,가로등,824 ,"215,584 ","21,689,297 ",100.6 
201211,충청남도,계룡시,교육용,30 ,"358,544 ","50,026,724 ",139.5 
201211,충청남도,계룡시,농사용,684 ,"364,829 ","12,147,974 ",33.3 
201211,충청남도,계룡시,산업용,93 ,"4,064,341 ","479,021,289 ",117.9 
201211,충청남도,계룡시,심 야,370 ,"881,565 ","58,924,686 ",66.8 
201211,충청남도,계룡시,일반용,"1,513 ","8,493,189 ","1,025,613,789 ",120.8 
201211,충청남도,계룡시,주택용,"3,187 ","4,447,882 ","504,389,778 ",113.4 
201211,충청남도,계룡시,합계,"6,701 ","18,825,934 ","2,151,813,537 ",114.3 
201211,충청남도,공주시,가로등,"6,445 ","1,391,164 ","136,634,831 ",98.2 
201211,충청남도,공주시,교육용,113 ,"2,636,120 ","278,692,933 ",105.7 
201211,충청남도,공주시,농사용,"18,476 ","12,086,973 ","424,900,102 ",35.2 
201211,충청남도,공주시,산업용,"1,050 ","27,052,650 ","3,027,537,493 ",111.9 
201211,충청남도,공주시,심 야,"7,560 ","12,377,789 ","712,387,957 ",57.6 
201211,충청남도,공주시,일반용,"8,949 ","17,630,103 ","2,112,695,150 ",119.8 
201211,충청남도,공주시,주택용,"43,394 ","11,648,385 ","1,373,668,686 ",117.9 
201211,충청남도,공주시,합계,"85,987 ","84,823,184 ","8,066,517,152 ",95.1 
201211,충청남도,금산군,가로등,"3,128 ","821,262 ","73,299,215 ",89.3 
201211,충청남도,금산군,교육용,60 ,"1,243,126 ","138,327,521 ",111.3 
201211,충청남도,금산군,농사용,"14,406 ","6,164,326 ","234,242,821 ",38 
201211,충청남도,금산군,산업용,"1,287 ","54,616,607 ","5,800,582,729 ",106.2 
201211,충청남도,금산군,심 야,"3,641 ","6,871,873 ","402,249,242 ",58.5 
201211,충청남도,금산군,일반용,"4,752 ","7,911,508 ","971,991,522 ",122.9 
201211,충청남도,금산군,주택용,"24,773 ","5,527,366 ","656,317,219 ",118.7 
201211,충청남도,금산군,합계,"52,047 ","83,156,068 ","8,277,010,269 ",99.5 
201211,충청남도,논산시,가로등,"5,330 ","933,216 ","82,529,648 ",88.4 
201211,충청남도,논산시,교육용,121 ,"1,834,916 ","224,497,450 ",122.3 
201211,충청남도,논산시,농사용,"23,332 ","17,741,000 ","653,190,008 ",36.8 
201211,충청남도,논산시,산업용,"1,333 ","42,908,547 ","4,995,867,969 ",116.4 
201211,충청남도,논산시,심 야,"7,457 ","10,434,868 ","592,882,401 ",56.8 
201211,충청남도,논산시,일반용,"9,233 ","16,805,958 ","1,974,716,185 ",117.5 
201211,충청남도,논산시,주택용,"51,095 ","12,133,119 ","1,402,879,317 ",115.6 
201211,충청남도,논산시,합계,"97,901 ","102,791,624 ","9,926,562,978 ",96.6 
201211,충청남도,당진시,가로등,"8,149 ","742,226 ","75,473,969 ",101.7 
201211,충청남도,당진시,교육용,118 ,"1,493,260 ","194,588,709 ",130.3 
201211,충청남도,당진시,농사용,"18,898 ","15,352,771 ","574,143,046 ",37.4 
201211,충청남도,당진시,산업용,"1,314 ","748,896,519 ","74,373,210,223 ",99.3 
201211,충청남도,당진시,심 야,"7,633 ","13,638,530 ","792,717,753 ",58.1 
201211,충청남도,당진시,일반용,"11,895 ","22,455,610 ","2,706,700,396 ",120.5 
201211,충청남도,당진시,주택용,"60,334 ","17,405,689 ","2,011,694,083 ",115.6 
201211,충청남도,당진시,합계,"108,341 ","819,984,605 ","80,728,528,179 ",98.5 
201211,충청남도,보령시,가로등,"5,927 ","1,050,504 ","98,593,883 ",93.9 
201211,충청남도,보령시,교육용,106 ,"936,266 ","113,754,916 ",121.5 
201211,충청남도,보령시,농사용,"16,065 ","16,819,761 ","562,974,643 ",33.5 
201211,충청남도,보령시,산업용,"1,150 ","28,263,212 ","3,729,093,610 ",131.9 
201211,충청남도,보령시,심 야,"7,461 ","13,021,849 ","765,466,480 ",58.8 
201211,충청남도,보령시,일반용,"9,483 ","16,837,537 ","2,028,967,679 ",120.5 
201211,충청남도,보령시,주택용,"38,765 ","10,599,460 ","1,259,796,606 ",118.9 
201211,충청남도,보령시,합계,"78,957 ","87,528,589 ","8,558,647,817 ",97.8 
201211,충청남도,부여군,가로등,"7,133 ","887,900 ","81,681,679 ",92 
201211,충청남도,부여군,교육용,67 ,"890,180 ","117,032,759 ",131.5 
201211,충청남도,부여군,농사용,"21,157 ","13,942,987 ","520,256,029 ",37.3 
201211,충청남도,부여군,산업용,689 ,"12,165,325 ","1,517,584,623 ",124.7 
201211,충청남도,부여군,심 야,"5,037 ","7,113,890 ","409,200,910 ",57.5 
201211,충청남도,부여군,일반용,"4,745 ","7,406,250 ","898,042,533 ",121.3 
201211,충청남도,부여군,주택용,"32,106 ","7,117,447 ","858,283,451 ",120.6 
201211,충청남도,부여군,합계,"70,934 ","49,523,979 ","4,402,081,984 ",88.9 
201211,충청남도,서산시,가로등,"9,894 ","1,019,553 ","93,178,161 ",91.4 
201211,충청남도,서산시,교육용,133 ,"1,477,953 ","200,181,030 ",135.4 
201211,충청남도,서산시,농사용,"23,697 ","19,905,930 ","609,514,225 ",30.6 
201211,충청남도,서산시,산업용,826 ,"403,447,788 ","40,770,241,074 ",101.1 
201211,충청남도,서산시,심 야,"7,391 ","12,283,040 ","707,497,260 ",57.6 
201211,충청남도,서산시,일반용,"11,182 ","23,245,630 ","2,752,292,806 ",118.4 
201211,충청남도,서산시,주택용,"52,070 ","17,098,762 ","1,949,755,250 ",114 
201211,충청남도,서산시,합계,"105,193 ","478,478,656 ","47,082,659,806 ",98.4 
201211,충청남도,서천군,가로등,"3,891 ","786,322 ","73,751,771 ",93.8 
201211,충청남도,서천군,교육용,62 ,"503,901 ","62,953,909 ",124.9 
201211,충청남도,서천군,농사용,"14,589 ","10,560,646 ","421,544,879 ",39.9 
201211,충청남도,서천군,산업용,693 ,"64,098,556 ","6,580,745,787 ",102.7 
201211,충청남도,서천군,심 야,"4,286 ","6,715,376 ","385,128,341 ",57.4 
201211,충청남도,서천군,일반용,"4,557 ","7,353,028 ","914,115,224 ",124.3 
201211,충청남도,서천군,주택용,"27,260 ","5,896,325 ","693,353,975 ",117.6 
201211,충청남도,서천군,합계,"55,338 ","95,914,154 ","9,131,593,886 ",95.2 
201211,충청남도,아산시,가로등,"14,383 ","1,149,056 ","115,737,922 ",100.7 
201211,충청남도,아산시,교육용,188 ,"7,220,066 ","773,949,920 ",107.2 
201211,충청남도,아산시,농사용,"15,574 ","12,799,052 ","467,640,996 ",36.5 
201211,충청남도,아산시,산업용,"2,536 ","813,671,514 ","82,885,204,947 ",101.9 
201211,충청남도,아산시,심 야,"10,466 ","18,202,971 ","1,055,858,531 ",58 
201211,충청남도,아산시,일반용,"15,965 ","43,345,657 ","4,413,043,043 ",101.8 
201211,충청남도,아산시,주택용,"64,050 ","27,181,167 ","3,100,968,846 ",114.1 
201211,충청남도,아산시,합계,"123,162 ","923,569,483 ","92,812,404,205 ",100.5 
201211,충청남도,연기군,일반용,2 ,727 ,"201,000 ",276.5 
201211,충청남도,연기군,합계,2 ,727 ,"201,000 ",276.5 
201211,충청남도,예산군,가로등,"6,235 ","832,614 ","75,388,405 ",90.5 
201211,충청남도,예산군,교육용,67 ,"877,876 ","114,422,918 ",130.3 
201211,충청남도,예산군,농사용,"17,648 ","11,223,174 ","418,276,281 ",37.3 
201211,충청남도,예산군,산업용,840 ,"31,009,094 ","3,574,746,187 ",115.3 
201211,충청남도,예산군,심 야,"5,461 ","9,073,445 ","527,356,537 ",58.1 
201211,충청남도,예산군,일반용,"6,335 ","11,311,084 ","1,347,652,103 ",119.1 
201211,충청남도,예산군,주택용,"32,894 ","8,740,963 ","1,049,933,905 ",120.1 
201211,충청남도,예산군,합계,"69,480 ","73,068,250 ","7,107,776,336 ",97.3 
201211,충청남도,천안시,가로등,"20,183 ","2,484,645 ","245,419,197 ",98.8 
201211,충청남도,천안시,교육용,362 ,"13,238,641 ","1,464,465,565 ",110.6 
201211,충청남도,천안시,농사용,"19,247 ","16,326,599 ","595,919,157 ",36.5 
201211,충청남도,천안시,산업용,"3,765 ","438,916,533 ","46,731,165,867 ",106.5 
201211,충청남도,천안시,심 야,"16,779 ","23,856,366 ","1,415,451,322 ",59.3 
201211,충청남도,천안시,일반용,"33,818 ","87,774,008 ","10,500,372,664 ",119.6 
201211,충청남도,천안시,주택용,"145,834 ","59,868,327 ","6,875,804,967 ",114.8 
201211,충청남도,천안시,합계,"239,988 ","642,465,119 ","67,828,598,739 ",105.6 
201211,충청남도,청양군,가로등,"4,779 ","486,188 ","42,233,055 ",86.9 
201211,충청남도,청양군,교육용,41 ,"434,174 ","54,262,873 ",125 
201211,충청남도,청양군,농사용,"14,178 ","6,832,460 ","244,706,735 ",35.8 
201211,충청남도,청양군,산업용,537 ,"7,616,780 ","868,809,530 ",114.1 
201211,충청남도,청양군,심 야,"2,371 ","3,703,249 ","212,735,470 ",57.4 
201211,충청남도,청양군,일반용,"2,548 ","3,398,792 ","416,274,239 ",122.5 
201211,충청남도,청양군,주택용,"15,008 ","3,150,723 ","364,645,808 ",115.7 
201211,충청남도,청양군,합계,"39,462 ","25,622,366 ","2,203,667,710 ",86 
201211,충청남도,태안군,가로등,"6,246 ","583,256 ","49,528,587 ",84.9 
201211,충청남도,태안군,교육용,67 ,"582,414 ","75,805,698 ",130.2 
201211,충청남도,태안군,농사용,"17,799 ","19,970,903 ","608,138,407 ",30.5 
201211,충청남도,태안군,산업용,679 ,"6,057,114 ","1,036,955,608 ",171.2 
201211,충청남도,태안군,심 야,"5,451 ","10,033,511 ","586,051,417 ",58.4 
201211,충청남도,태안군,일반용,"7,866 ","12,515,310 ","1,552,757,324 ",124.1 
201211,충청남도,태안군,주택용,"25,406 ","5,923,054 ","694,934,114 ",117.3 
201211,충청남도,태안군,합계,"63,514 ","55,665,562 ","4,604,171,155 ",82.7 
201211,충청남도,홍성군,가로등,"8,929 ","827,798 ","73,043,927 ",88.2 
201211,충청남도,홍성군,교육용,99 ,"1,775,829 ","198,099,474 ",111.6 
201211,충청남도,홍성군,농사용,"18,979 ","18,992,792 ","630,642,889 ",33.2 
201211,충청남도,홍성군,산업용,847 ,"18,493,505 ","2,189,528,442 ",118.4 
201211,충청남도,홍성군,심 야,"5,264 ","8,146,942 ","466,243,006 ",57.2 
201211,충청남도,홍성군,일반용,"6,738 ","12,518,257 ","1,538,396,604 ",122.9 
201211,충청남도,홍성군,주택용,"35,226 ","9,410,027 ","1,115,769,748 ",118.6 
201211,충청남도,홍성군,합계,"76,082 ","70,165,150 ","6,211,724,090 ",88.5 
201212,충청남도,계룡시,가로등,826 ,"224,898 ","22,096,612 ",98.3 
201212,충청남도,계룡시,교육용,30 ,"599,751 ","71,788,817 ",119.7 
201212,충청남도,계룡시,농사용,386 ,"205,337 ","9,539,255 ",46.5 
201212,충청남도,계룡시,산업용,95 ,"4,545,005 ","483,566,433 ",106.4 
201212,충청남도,계룡시,심 야,370 ,"1,272,811 ","88,943,283 ",69.9 
201212,충청남도,계룡시,일반용,"1,516 ","10,007,676 ","1,181,710,184 ",118.1 
201212,충청남도,계룡시,주택용,"3,257 ","4,686,361 ","563,443,172 ",120.2 
201212,충청남도,계룡시,합계,"6,480 ","21,541,839 ","2,421,087,756 ",112.4 
201212,충청남도,공주시,가로등,"6,489 ","1,548,264 ","148,828,382 ",96.1 
201212,충청남도,공주시,교육용,110 ,"3,901,291 ","412,402,015 ",105.7 
201212,충청남도,공주시,농사용,"10,871 ","7,977,742 ","359,939,667 ",45.1 
201212,충청남도,공주시,산업용,"1,066 ","28,768,707 ","3,217,474,844 ",111.8 
201212,충청남도,공주시,심 야,"7,564 ","19,561,213 ","1,334,681,167 ",68.2 
201212,충청남도,공주시,일반용,"9,007 ","21,122,972 ","2,673,382,974 ",126.6 
201212,충청남도,공주시,주택용,"43,450 ","12,179,568 ","1,515,644,619 ",124.4 
201212,충청남도,공주시,합계,"78,557 ","95,059,757 ","9,662,353,668 ",101.6 
201212,충청남도,금산군,가로등,"3,160 ","850,920 ","72,482,829 ",85.2 
201212,충청남도,금산군,교육용,60 ,"1,670,583 ","177,104,545 ",106 
201212,충청남도,금산군,농사용,"7,840 ","4,243,703 ","197,819,004 ",46.6 
201212,충청남도,금산군,산업용,"1,290 ","58,020,035 ","6,132,865,494 ",105.7 
201212,충청남도,금산군,심 야,"3,639 ","10,740,230 ","729,156,566 ",67.9 
201212,충청남도,금산군,일반용,"4,787 ","9,207,099 ","1,185,768,431 ",128.8 
201212,충청남도,금산군,주택용,"24,802 ","5,816,185 ","735,253,505 ",126.4 
201212,충청남도,금산군,합계,"45,578 ","90,548,755 ","9,230,450,374 ",101.9 
201212,충청남도,논산시,가로등,"5,347 ","993,778 ","83,744,209 ",84.3 
201212,충청남도,논산시,교육용,121 ,"2,843,250 ","324,900,573 ",114.3 
201212,충청남도,논산시,농사용,"14,383 ","14,748,590 ","663,417,792 ",45 
201212,충청남도,논산시,산업용,"1,337 ","42,801,633 ","5,054,428,154 ",118.1 
201212,충청남도,논산시,심 야,"7,465 ","17,739,916 ","1,201,595,733 ",67.7 
201212,충청남도,논산시,일반용,"9,300 ","20,028,035 ","2,512,910,859 ",125.5 
201212,충청남도,논산시,주택용,"51,145 ","12,845,912 ","1,588,397,124 ",123.7 
201212,충청남도,논산시,합계,"89,098 ","112,001,114 ","11,429,394,444 ",102 
201212,충청남도,당진시,가로등,"8,153 ","777,560 ","77,022,866 ",99.1 
201212,충청남도,당진시,교육용,117 ,"2,369,188 ","271,863,603 ",114.7 
201212,충청남도,당진시,농사용,"12,242 ","9,051,104 ","420,189,306 ",46.4 
201212,충청남도,당진시,산업용,"1,322 ","801,404,787 ","76,064,441,710 ",94.9 
201212,충청남도,당진시,심 야,"7,633 ","21,888,359 ","1,495,666,520 ",68.3 
201212,충청남도,당진시,일반용,"11,966 ","26,882,904 ","3,421,841,009 ",127.3 
201212,충청남도,당진시,주택용,"60,523 ","18,401,447 ","2,245,096,736 ",122 
201212,충청남도,당진시,합계,"101,956 ","880,775,349 ","83,996,121,750 ",95.4 
201212,충청남도,보령시,가로등,"5,949 ","1,089,344 ","97,872,890 ",89.8 
201212,충청남도,보령시,교육용,106 ,"1,421,547 ","166,105,273 ",116.8 
201212,충청남도,보령시,농사용,"8,423 ","8,712,819 ","391,954,474 ",45 
201212,충청남도,보령시,산업용,"1,147 ","26,799,327 ","3,488,582,898 ",130.2 
201212,충청남도,보령시,심 야,"7,446 ","20,335,452 ","1,388,910,401 ",68.3 
201212,충청남도,보령시,일반용,"9,518 ","19,235,759 ","2,475,019,605 ",128.7 
201212,충청남도,보령시,주택용,"38,876 ","10,906,299 ","1,351,337,901 ",123.9 
201212,충청남도,보령시,합계,"71,465 ","88,500,547 ","9,359,783,442 ",105.8 
201212,충청남도,부여군,가로등,"7,132 ","928,267 ","81,365,560 ",87.7 
201212,충청남도,부여군,교육용,67 ,"1,391,707 ","160,967,042 ",115.7 
201212,충청남도,부여군,농사용,"12,954 ","11,268,492 ","510,803,659 ",45.3 
201212,충청남도,부여군,산업용,694 ,"12,069,726 ","1,485,313,160 ",123.1 
201212,충청남도,부여군,심 야,"5,034 ","11,923,929 ","811,397,213 ",68 
201212,충청남도,부여군,일반용,"4,767 ","8,792,809 ","1,133,304,411 ",128.9 
201212,충청남도,부여군,주택용,"32,204 ","7,709,809 ","1,095,303,226 ",142.1 
201212,충청남도,부여군,합계,"62,852 ","54,084,739 ","5,278,454,271 ",97.6 
201212,충청남도,서산시,가로등,"9,894 ","1,073,506 ","93,996,887 ",87.6 
201212,충청남도,서산시,교육용,133 ,"2,375,395 ","289,811,599 ",122 
201212,충청남도,서산시,농사용,"12,088 ","7,504,588 ","342,441,582 ",45.6 
201212,충청남도,서산시,산업용,824 ,"434,974,727 ","42,249,346,492 ",97.1 
201212,충청남도,서산시,심 야,"7,395 ","20,246,349 ","1,385,143,229 ",68.4 
201212,충청남도,서산시,일반용,"11,210 ","27,736,981 ","3,461,937,983 ",124.8 
201212,충청남도,서산시,주택용,"52,195 ","17,691,833 ","2,112,688,023 ",119.4 
201212,충청남도,서산시,합계,"93,739 ","511,603,379 ","49,935,365,795 ",97.6 
201212,충청남도,서천군,가로등,"3,893 ","820,641 ","74,318,172 ",90.6 
201212,충청남도,서천군,교육용,62 ,"778,122 ","91,094,485 ",117.1 
201212,충청남도,서천군,농사용,"7,636 ","28,257,918 ","1,198,720,962 ",42.4 
201212,충청남도,서천군,산업용,691 ,"67,127,676 ","6,647,235,544 ",99 
201212,충청남도,서천군,심 야,"4,284 ","10,973,887 ","746,008,505 ",68 
201212,충청남도,서천군,일반용,"4,572 ","8,893,277 ","1,135,389,266 ",127.7 
201212,충청남도,서천군,주택용,"27,309 ","6,147,140 ","760,414,427 ",123.7 
201212,충청남도,서천군,합계,"48,447 ","122,998,661 ","10,653,181,361 ",86.6 
201212,충청남도,아산시,가로등,"14,386 ","1,207,188 ","117,558,334 ",97.4 
201212,충청남도,아산시,교육용,187 ,"9,734,300 ","977,834,638 ",100.5 
201212,충청남도,아산시,농사용,"10,478 ","7,669,170 ","352,049,183 ",45.9 
201212,충청남도,아산시,산업용,"2,556 ","852,123,366 ","83,805,342,825 ",98.3 
201212,충청남도,아산시,심 야,"10,468 ","29,473,151 ","1,996,077,084 ",67.7 
201212,충청남도,아산시,일반용,"16,059 ","51,058,911 ","6,078,151,051 ",119 
201212,충청남도,아산시,주택용,"64,378 ","28,440,133 ","3,381,737,249 ",118.9 
201212,충청남도,아산시,합계,"118,512 ","979,706,219 ","96,708,750,364 ",98.7 
201212,충청남도,연기군,일반용,2 ,"5,216 ","697,759 ",133.8 
201212,충청남도,연기군,합계,2 ,"5,216 ","697,759 ",133.8 
201212,충청남도,예산군,가로등,"6,266 ","852,851 ","74,440,753 ",87.3 
201212,충청남도,예산군,교육용,67 ,"1,409,837 ","166,484,764 ",118.1 
201212,충청남도,예산군,농사용,"12,583 ","7,665,828 ","355,091,147 ",46.3 
201212,충청남도,예산군,산업용,839 ,"32,106,943 ","3,727,264,143 ",116.1 
201212,충청남도,예산군,심 야,"5,461 ","14,713,933 ","1,009,405,915 ",68.6 
201212,충청남도,예산군,일반용,"6,399 ","13,486,359 ","1,684,743,079 ",124.9 
201212,충청남도,예산군,주택용,"32,983 ","9,144,107 ","1,152,631,480 ",126.1 
201212,충청남도,예산군,합계,"64,598 ","79,379,858 ","8,170,061,281 ",102.9 
201212,충청남도,천안시,가로등,"20,228 ","2,514,652 ","244,345,052 ",97.2 
201212,충청남도,천안시,교육용,365 ,"18,519,995 ","1,913,048,175 ",103.3 
201212,충청남도,천안시,농사용,"12,268 ","12,208,769 ","525,126,644 ",43 
201212,충청남도,천안시,산업용,"3,782 ","456,363,242 ","47,498,704,700 ",104.1 
201212,충청남도,천안시,심 야,"16,765 ","38,492,347 ","2,626,920,781 ",68.2 
201212,충청남도,천안시,일반용,"33,999 ","105,807,321 ","13,131,048,242 ",124.1 
201212,충청남도,천안시,주택용,"146,578 ","62,695,986 ","7,549,631,292 ",120.4 
201212,충청남도,천안시,합계,"233,985 ","696,602,312 ","73,488,824,886 ",105.5 
201212,충청남도,청양군,가로등,"4,779 ","514,622 ","42,387,636 ",82.4 
201212,충청남도,청양군,교육용,43 ,"735,848 ","84,583,940 ",114.9 
201212,충청남도,청양군,농사용,"8,955 ","3,466,590 ","171,884,908 ",49.6 
201212,충청남도,청양군,산업용,550 ,"7,788,738 ","918,356,959 ",117.9 
201212,충청남도,청양군,심 야,"2,372 ","6,204,302 ","425,667,966 ",68.6 
201212,충청남도,청양군,일반용,"2,559 ","4,256,178 ","534,804,916 ",125.7 
201212,충청남도,청양군,주택용,"15,100 ","3,398,154 ","431,582,969 ",127 
201212,충청남도,청양군,합계,"34,358 ","26,364,432 ","2,609,269,294 ",99 
201212,충청남도,태안군,가로등,"6,249 ","617,732 ","49,169,242 ",79.6 
201212,충청남도,태안군,교육용,70 ,"864,666 ","107,311,194 ",124.1 
201212,충청남도,태안군,농사용,"8,480 ","7,562,214 ","346,689,606 ",45.8 
201212,충청남도,태안군,산업용,681 ,"11,563 ","661,706,995 ",57226.2 
201212,충청남도,태안군,심 야,"5,451 ","15,346,905 ","1,052,690,225 ",68.6 
201212,충청남도,태안군,일반용,"7,911 ","14,246,694 ","1,897,657,961 ",133.2 
201212,충청남도,태안군,주택용,"25,562 ","6,177,674 ","760,732,606 ",123.1 
201212,충청남도,태안군,합계,"54,404 ","44,827,448 ","4,875,957,829 ",108.8 
201212,충청남도,홍성군,가로등,"8,931 ","834,994 ","70,854,405 ",84.9 
201212,충청남도,홍성군,교육용,98 ,"2,538,073 ","275,620,281 ",108.6 
201212,충청남도,홍성군,농사용,"9,894 ","10,791,534 ","482,132,831 ",44.7 
201212,충청남도,홍성군,산업용,847 ,"18,890,103 ","2,267,973,828 ",120.1 
201212,충청남도,홍성군,심 야,"5,268 ","13,149,594 ","895,707,482 ",68.1 
201212,충청남도,홍성군,일반용,"6,783 ","15,053,353 ","1,887,701,636 ",125.4 
201212,충청남도,홍성군,주택용,"35,317 ","9,673,960 ","1,186,727,104 ",122.7 
201212,충청남도,홍성군,합계,"67,138 ","70,931,611 ","7,066,717,567 ",99.6 
